2026-03-01 14:49:32 [MESSAGING-SERVICE] [error]: ❌ Unable to start server: password authentication failed for user "postgres" {"name":"SequelizeConnectionError","parent":{"length":104,"name":"error","severity":"FATAL","code":"28P01","file":"auth.c","line":"320","routine":"auth_failed"},"original":{"length":104,"name":"error","severity":"FATAL","code":"28P01","file":"auth.c","line":"320","routine":"auth_failed"}}
SequelizeConnectionError: password authentication failed for user "postgres"
    at Client._connectionCallback (E:\Academic\Semester_7\CO528\Mini Project\decp-platform\backend\messaging-service\node_modules\sequelize\src\dialects\postgres\connection-manager.js:196:24)
    at Client._handleErrorWhileConnecting (E:\Academic\Semester_7\CO528\Mini Project\decp-platform\backend\messaging-service\node_modules\pg\lib\client.js:379:19)
    at Client._handleErrorMessage (E:\Academic\Semester_7\CO528\Mini Project\decp-platform\backend\messaging-service\node_modules\pg\lib\client.js:399:19)
    at Connection.emit (node:events:524:28)
    at E:\Academic\Semester_7\CO528\Mini Project\decp-platform\backend\messaging-service\node_modules\pg\lib\connection.js:115:12
    at Parser.parse (E:\Academic\Semester_7\CO528\Mini Project\decp-platform\backend\messaging-service\node_modules\pg-protocol\src\parser.ts:106:9)
    at Socket.<anonymous> (E:\Academic\Semester_7\CO528\Mini Project\decp-platform\backend\messaging-service\node_modules\pg-protocol\src\index.ts:7:48)
    at Socket.emit (node:events:524:28)
    at addChunk (node:internal/streams/readable:561:12)
    at readableAddChunkPushByteMode (node:internal/streams/readable:512:3)
2026-03-01 14:53:08 [MESSAGING-SERVICE] [error]: ❌ Unable to start server: password authentication failed for user "postgres" {"name":"SequelizeConnectionError","parent":{"length":104,"name":"error","severity":"FATAL","code":"28P01","file":"auth.c","line":"320","routine":"auth_failed"},"original":{"length":104,"name":"error","severity":"FATAL","code":"28P01","file":"auth.c","line":"320","routine":"auth_failed"}}
SequelizeConnectionError: password authentication failed for user "postgres"
    at Client._connectionCallback (E:\Academic\Semester_7\CO528\Mini Project\decp-platform\backend\messaging-service\node_modules\sequelize\src\dialects\postgres\connection-manager.js:196:24)
    at Client._handleErrorWhileConnecting (E:\Academic\Semester_7\CO528\Mini Project\decp-platform\backend\messaging-service\node_modules\pg\lib\client.js:379:19)
    at Client._handleErrorMessage (E:\Academic\Semester_7\CO528\Mini Project\decp-platform\backend\messaging-service\node_modules\pg\lib\client.js:399:19)
    at Connection.emit (node:events:524:28)
    at E:\Academic\Semester_7\CO528\Mini Project\decp-platform\backend\messaging-service\node_modules\pg\lib\connection.js:115:12
    at Parser.parse (E:\Academic\Semester_7\CO528\Mini Project\decp-platform\backend\messaging-service\node_modules\pg-protocol\src\parser.ts:106:9)
    at Socket.<anonymous> (E:\Academic\Semester_7\CO528\Mini Project\decp-platform\backend\messaging-service\node_modules\pg-protocol\src\index.ts:7:48)
    at Socket.emit (node:events:524:28)
    at addChunk (node:internal/streams/readable:561:12)
    at readableAddChunkPushByteMode (node:internal/streams/readable:512:3)
2026-03-01 15:05:36 [MESSAGING-SERVICE] [error]: ❌ Unable to start server: password authentication failed for user "postgres" {"name":"SequelizeConnectionError","parent":{"length":104,"name":"error","severity":"FATAL","code":"28P01","file":"auth.c","line":"320","routine":"auth_failed"},"original":{"length":104,"name":"error","severity":"FATAL","code":"28P01","file":"auth.c","line":"320","routine":"auth_failed"}}
SequelizeConnectionError: password authentication failed for user "postgres"
    at Client._connectionCallback (E:\Academic\Semester_7\CO528\Mini Project\decp-platform\backend\messaging-service\node_modules\sequelize\src\dialects\postgres\connection-manager.js:196:24)
    at Client._handleErrorWhileConnecting (E:\Academic\Semester_7\CO528\Mini Project\decp-platform\backend\messaging-service\node_modules\pg\lib\client.js:379:19)
    at Client._handleErrorMessage (E:\Academic\Semester_7\CO528\Mini Project\decp-platform\backend\messaging-service\node_modules\pg\lib\client.js:399:19)
    at Connection.emit (node:events:524:28)
    at E:\Academic\Semester_7\CO528\Mini Project\decp-platform\backend\messaging-service\node_modules\pg\lib\connection.js:115:12
    at Parser.parse (E:\Academic\Semester_7\CO528\Mini Project\decp-platform\backend\messaging-service\node_modules\pg-protocol\src\parser.ts:106:9)
    at Socket.<anonymous> (E:\Academic\Semester_7\CO528\Mini Project\decp-platform\backend\messaging-service\node_modules\pg-protocol\src\index.ts:7:48)
    at Socket.emit (node:events:524:28)
    at addChunk (node:internal/streams/readable:561:12)
    at readableAddChunkPushByteMode (node:internal/streams/readable:512:3)
2026-03-01 15:14:30 [MESSAGING-SERVICE] [error]: ❌ Unable to start server: password authentication failed for user "postgres" {"name":"SequelizeConnectionError","parent":{"length":104,"name":"error","severity":"FATAL","code":"28P01","file":"auth.c","line":"320","routine":"auth_failed"},"original":{"length":104,"name":"error","severity":"FATAL","code":"28P01","file":"auth.c","line":"320","routine":"auth_failed"}}
SequelizeConnectionError: password authentication failed for user "postgres"
    at Client._connectionCallback (E:\Academic\Semester_7\CO528\Mini Project\decp-platform\backend\messaging-service\node_modules\sequelize\src\dialects\postgres\connection-manager.js:196:24)
    at Client._handleErrorWhileConnecting (E:\Academic\Semester_7\CO528\Mini Project\decp-platform\backend\messaging-service\node_modules\pg\lib\client.js:379:19)
    at Client._handleErrorMessage (E:\Academic\Semester_7\CO528\Mini Project\decp-platform\backend\messaging-service\node_modules\pg\lib\client.js:399:19)
    at Connection.emit (node:events:524:28)
    at E:\Academic\Semester_7\CO528\Mini Project\decp-platform\backend\messaging-service\node_modules\pg\lib\connection.js:115:12
    at Parser.parse (E:\Academic\Semester_7\CO528\Mini Project\decp-platform\backend\messaging-service\node_modules\pg-protocol\src\parser.ts:106:9)
    at Socket.<anonymous> (E:\Academic\Semester_7\CO528\Mini Project\decp-platform\backend\messaging-service\node_modules\pg-protocol\src\index.ts:7:48)
    at Socket.emit (node:events:524:28)
    at addChunk (node:internal/streams/readable:561:12)
    at readableAddChunkPushByteMode (node:internal/streams/readable:512:3)
2026-03-01 15:18:23 [MESSAGING-SERVICE] [error]: ❌ Unable to start server: password authentication failed for user "postgres" {"name":"SequelizeConnectionError","parent":{"length":104,"name":"error","severity":"FATAL","code":"28P01","file":"auth.c","line":"320","routine":"auth_failed"},"original":{"length":104,"name":"error","severity":"FATAL","code":"28P01","file":"auth.c","line":"320","routine":"auth_failed"}}
SequelizeConnectionError: password authentication failed for user "postgres"
    at Client._connectionCallback (E:\Academic\Semester_7\CO528\Mini Project\decp-platform\backend\messaging-service\node_modules\sequelize\src\dialects\postgres\connection-manager.js:196:24)
    at Client._handleErrorWhileConnecting (E:\Academic\Semester_7\CO528\Mini Project\decp-platform\backend\messaging-service\node_modules\pg\lib\client.js:379:19)
    at Client._handleErrorMessage (E:\Academic\Semester_7\CO528\Mini Project\decp-platform\backend\messaging-service\node_modules\pg\lib\client.js:399:19)
    at Connection.emit (node:events:524:28)
    at E:\Academic\Semester_7\CO528\Mini Project\decp-platform\backend\messaging-service\node_modules\pg\lib\connection.js:115:12
    at Parser.parse (E:\Academic\Semester_7\CO528\Mini Project\decp-platform\backend\messaging-service\node_modules\pg-protocol\src\parser.ts:106:9)
    at Socket.<anonymous> (E:\Academic\Semester_7\CO528\Mini Project\decp-platform\backend\messaging-service\node_modules\pg-protocol\src\index.ts:7:48)
    at Socket.emit (node:events:524:28)
    at addChunk (node:internal/streams/readable:561:12)
    at readableAddChunkPushByteMode (node:internal/streams/readable:512:3)
2026-03-01 15:22:15 [MESSAGING-SERVICE] [error]: ❌ Unable to start server: password authentication failed for user "postgres" {"name":"SequelizeConnectionError","parent":{"length":104,"name":"error","severity":"FATAL","code":"28P01","file":"auth.c","line":"320","routine":"auth_failed"},"original":{"length":104,"name":"error","severity":"FATAL","code":"28P01","file":"auth.c","line":"320","routine":"auth_failed"}}
SequelizeConnectionError: password authentication failed for user "postgres"
    at Client._connectionCallback (E:\Academic\Semester_7\CO528\Mini Project\decp-platform\backend\messaging-service\node_modules\sequelize\src\dialects\postgres\connection-manager.js:196:24)
    at Client._handleErrorWhileConnecting (E:\Academic\Semester_7\CO528\Mini Project\decp-platform\backend\messaging-service\node_modules\pg\lib\client.js:379:19)
    at Client._handleErrorMessage (E:\Academic\Semester_7\CO528\Mini Project\decp-platform\backend\messaging-service\node_modules\pg\lib\client.js:399:19)
    at Connection.emit (node:events:524:28)
    at E:\Academic\Semester_7\CO528\Mini Project\decp-platform\backend\messaging-service\node_modules\pg\lib\connection.js:115:12
    at Parser.parse (E:\Academic\Semester_7\CO528\Mini Project\decp-platform\backend\messaging-service\node_modules\pg-protocol\src\parser.ts:106:9)
    at Socket.<anonymous> (E:\Academic\Semester_7\CO528\Mini Project\decp-platform\backend\messaging-service\node_modules\pg-protocol\src\index.ts:7:48)
    at Socket.emit (node:events:524:28)
    at addChunk (node:internal/streams/readable:561:12)
    at readableAddChunkPushByteMode (node:internal/streams/readable:512:3)
2026-03-01 15:28:16 [MESSAGING-SERVICE] [error]: ❌ Unable to start server: password authentication failed for user "postgres" {"name":"SequelizeConnectionError","parent":{"length":104,"name":"error","severity":"FATAL","code":"28P01","file":"auth.c","line":"320","routine":"auth_failed"},"original":{"length":104,"name":"error","severity":"FATAL","code":"28P01","file":"auth.c","line":"320","routine":"auth_failed"}}
SequelizeConnectionError: password authentication failed for user "postgres"
    at Client._connectionCallback (E:\Academic\Semester_7\CO528\Mini Project\decp-platform\backend\messaging-service\node_modules\sequelize\src\dialects\postgres\connection-manager.js:196:24)
    at Client._handleErrorWhileConnecting (E:\Academic\Semester_7\CO528\Mini Project\decp-platform\backend\messaging-service\node_modules\pg\lib\client.js:379:19)
    at Client._handleErrorMessage (E:\Academic\Semester_7\CO528\Mini Project\decp-platform\backend\messaging-service\node_modules\pg\lib\client.js:399:19)
    at Connection.emit (node:events:524:28)
    at E:\Academic\Semester_7\CO528\Mini Project\decp-platform\backend\messaging-service\node_modules\pg\lib\connection.js:115:12
    at Parser.parse (E:\Academic\Semester_7\CO528\Mini Project\decp-platform\backend\messaging-service\node_modules\pg-protocol\src\parser.ts:106:9)
    at Socket.<anonymous> (E:\Academic\Semester_7\CO528\Mini Project\decp-platform\backend\messaging-service\node_modules\pg-protocol\src\index.ts:7:48)
    at Socket.emit (node:events:524:28)
    at addChunk (node:internal/streams/readable:561:12)
    at readableAddChunkPushByteMode (node:internal/streams/readable:512:3)
2026-03-01 15:33:19 [MESSAGING-SERVICE] [error]: ❌ Unable to start server: password authentication failed for user "postgres" {"name":"SequelizeConnectionError","parent":{"length":104,"name":"error","severity":"FATAL","code":"28P01","file":"auth.c","line":"320","routine":"auth_failed"},"original":{"length":104,"name":"error","severity":"FATAL","code":"28P01","file":"auth.c","line":"320","routine":"auth_failed"}}
SequelizeConnectionError: password authentication failed for user "postgres"
    at Client._connectionCallback (E:\Academic\Semester_7\CO528\Mini Project\decp-platform\backend\messaging-service\node_modules\sequelize\src\dialects\postgres\connection-manager.js:196:24)
    at Client._handleErrorWhileConnecting (E:\Academic\Semester_7\CO528\Mini Project\decp-platform\backend\messaging-service\node_modules\pg\lib\client.js:379:19)
    at Client._handleErrorMessage (E:\Academic\Semester_7\CO528\Mini Project\decp-platform\backend\messaging-service\node_modules\pg\lib\client.js:399:19)
    at Connection.emit (node:events:524:28)
    at E:\Academic\Semester_7\CO528\Mini Project\decp-platform\backend\messaging-service\node_modules\pg\lib\connection.js:115:12
    at Parser.parse (E:\Academic\Semester_7\CO528\Mini Project\decp-platform\backend\messaging-service\node_modules\pg-protocol\src\parser.ts:106:9)
    at Socket.<anonymous> (E:\Academic\Semester_7\CO528\Mini Project\decp-platform\backend\messaging-service\node_modules\pg-protocol\src\index.ts:7:48)
    at Socket.emit (node:events:524:28)
    at addChunk (node:internal/streams/readable:561:12)
    at readableAddChunkPushByteMode (node:internal/streams/readable:512:3)
2026-03-01 15:39:52 [MESSAGING-SERVICE] [error]: ❌ Unable to start server: password authentication failed for user "postgres" {"name":"SequelizeConnectionError","parent":{"length":104,"name":"error","severity":"FATAL","code":"28P01","file":"auth.c","line":"320","routine":"auth_failed"},"original":{"length":104,"name":"error","severity":"FATAL","code":"28P01","file":"auth.c","line":"320","routine":"auth_failed"}}
SequelizeConnectionError: password authentication failed for user "postgres"
    at Client._connectionCallback (E:\Academic\Semester_7\CO528\Mini Project\decp-platform\backend\messaging-service\node_modules\sequelize\src\dialects\postgres\connection-manager.js:196:24)
    at Client._handleErrorWhileConnecting (E:\Academic\Semester_7\CO528\Mini Project\decp-platform\backend\messaging-service\node_modules\pg\lib\client.js:379:19)
    at Client._handleErrorMessage (E:\Academic\Semester_7\CO528\Mini Project\decp-platform\backend\messaging-service\node_modules\pg\lib\client.js:399:19)
    at Connection.emit (node:events:524:28)
    at E:\Academic\Semester_7\CO528\Mini Project\decp-platform\backend\messaging-service\node_modules\pg\lib\connection.js:115:12
    at Parser.parse (E:\Academic\Semester_7\CO528\Mini Project\decp-platform\backend\messaging-service\node_modules\pg-protocol\src\parser.ts:106:9)
    at Socket.<anonymous> (E:\Academic\Semester_7\CO528\Mini Project\decp-platform\backend\messaging-service\node_modules\pg-protocol\src\index.ts:7:48)
    at Socket.emit (node:events:524:28)
    at addChunk (node:internal/streams/readable:561:12)
    at readableAddChunkPushByteMode (node:internal/streams/readable:512:3)
2026-03-01 15:45:01 [MESSAGING-SERVICE] [error]: ❌ Unable to start server: password authentication failed for user "postgres" {"name":"SequelizeConnectionError","parent":{"length":104,"name":"error","severity":"FATAL","code":"28P01","file":"auth.c","line":"320","routine":"auth_failed"},"original":{"length":104,"name":"error","severity":"FATAL","code":"28P01","file":"auth.c","line":"320","routine":"auth_failed"}}
SequelizeConnectionError: password authentication failed for user "postgres"
    at Client._connectionCallback (E:\Academic\Semester_7\CO528\Mini Project\decp-platform\backend\messaging-service\node_modules\sequelize\src\dialects\postgres\connection-manager.js:196:24)
    at Client._handleErrorWhileConnecting (E:\Academic\Semester_7\CO528\Mini Project\decp-platform\backend\messaging-service\node_modules\pg\lib\client.js:379:19)
    at Client._handleErrorMessage (E:\Academic\Semester_7\CO528\Mini Project\decp-platform\backend\messaging-service\node_modules\pg\lib\client.js:399:19)
    at Connection.emit (node:events:524:28)
    at E:\Academic\Semester_7\CO528\Mini Project\decp-platform\backend\messaging-service\node_modules\pg\lib\connection.js:115:12
    at Parser.parse (E:\Academic\Semester_7\CO528\Mini Project\decp-platform\backend\messaging-service\node_modules\pg-protocol\src\parser.ts:106:9)
    at Socket.<anonymous> (E:\Academic\Semester_7\CO528\Mini Project\decp-platform\backend\messaging-service\node_modules\pg-protocol\src\index.ts:7:48)
    at Socket.emit (node:events:524:28)
    at addChunk (node:internal/streams/readable:561:12)
    at readableAddChunkPushByteMode (node:internal/streams/readable:512:3)
2026-03-01 15:46:28 [MESSAGING-SERVICE] [error]: ❌ Unable to start server: password authentication failed for user "postgres" {"name":"SequelizeConnectionError","parent":{"length":104,"name":"error","severity":"FATAL","code":"28P01","file":"auth.c","line":"320","routine":"auth_failed"},"original":{"length":104,"name":"error","severity":"FATAL","code":"28P01","file":"auth.c","line":"320","routine":"auth_failed"}}
SequelizeConnectionError: password authentication failed for user "postgres"
    at Client._connectionCallback (E:\Academic\Semester_7\CO528\Mini Project\decp-platform\backend\messaging-service\node_modules\sequelize\src\dialects\postgres\connection-manager.js:196:24)
    at Client._handleErrorWhileConnecting (E:\Academic\Semester_7\CO528\Mini Project\decp-platform\backend\messaging-service\node_modules\pg\lib\client.js:379:19)
    at Client._handleErrorMessage (E:\Academic\Semester_7\CO528\Mini Project\decp-platform\backend\messaging-service\node_modules\pg\lib\client.js:399:19)
    at Connection.emit (node:events:524:28)
    at E:\Academic\Semester_7\CO528\Mini Project\decp-platform\backend\messaging-service\node_modules\pg\lib\connection.js:115:12
    at Parser.parse (E:\Academic\Semester_7\CO528\Mini Project\decp-platform\backend\messaging-service\node_modules\pg-protocol\src\parser.ts:106:9)
    at Socket.<anonymous> (E:\Academic\Semester_7\CO528\Mini Project\decp-platform\backend\messaging-service\node_modules\pg-protocol\src\index.ts:7:48)
    at Socket.emit (node:events:524:28)
    at addChunk (node:internal/streams/readable:561:12)
    at readableAddChunkPushByteMode (node:internal/streams/readable:512:3)
2026-03-01 15:51:52 [MESSAGING-SERVICE] [error]: ❌ Unable to start server: database "decp_messaging" does not exist {"name":"SequelizeConnectionError","parent":{"length":100,"name":"error","severity":"FATAL","code":"3D000","file":"postinit.c","line":"1016","routine":"InitPostgres"},"original":{"length":100,"name":"error","severity":"FATAL","code":"3D000","file":"postinit.c","line":"1016","routine":"InitPostgres"}}
SequelizeConnectionError: database "decp_messaging" does not exist
    at Client._connectionCallback (E:\Academic\Semester_7\CO528\Mini Project\decp-platform\backend\messaging-service\node_modules\sequelize\src\dialects\postgres\connection-manager.js:196:24)
    at Client._handleErrorWhileConnecting (E:\Academic\Semester_7\CO528\Mini Project\decp-platform\backend\messaging-service\node_modules\pg\lib\client.js:379:19)
    at Client._handleErrorMessage (E:\Academic\Semester_7\CO528\Mini Project\decp-platform\backend\messaging-service\node_modules\pg\lib\client.js:399:19)
    at Connection.emit (node:events:524:28)
    at E:\Academic\Semester_7\CO528\Mini Project\decp-platform\backend\messaging-service\node_modules\pg\lib\connection.js:115:12
    at Parser.parse (E:\Academic\Semester_7\CO528\Mini Project\decp-platform\backend\messaging-service\node_modules\pg-protocol\src\parser.ts:106:9)
    at Socket.<anonymous> (E:\Academic\Semester_7\CO528\Mini Project\decp-platform\backend\messaging-service\node_modules\pg-protocol\src\index.ts:7:48)
    at Socket.emit (node:events:524:28)
    at addChunk (node:internal/streams/readable:561:12)
    at readableAddChunkPushByteMode (node:internal/streams/readable:512:3)
2026-03-01 15:58:21 [MESSAGING-SERVICE] [error]: ❌ Unable to start server: database "decp_messaging" does not exist {"name":"SequelizeConnectionError","parent":{"length":100,"name":"error","severity":"FATAL","code":"3D000","file":"postinit.c","line":"1016","routine":"InitPostgres"},"original":{"length":100,"name":"error","severity":"FATAL","code":"3D000","file":"postinit.c","line":"1016","routine":"InitPostgres"}}
SequelizeConnectionError: database "decp_messaging" does not exist
    at Client._connectionCallback (E:\Academic\Semester_7\CO528\Mini Project\decp-platform\backend\messaging-service\node_modules\sequelize\src\dialects\postgres\connection-manager.js:196:24)
    at Client._handleErrorWhileConnecting (E:\Academic\Semester_7\CO528\Mini Project\decp-platform\backend\messaging-service\node_modules\pg\lib\client.js:379:19)
    at Client._handleErrorMessage (E:\Academic\Semester_7\CO528\Mini Project\decp-platform\backend\messaging-service\node_modules\pg\lib\client.js:399:19)
    at Connection.emit (node:events:524:28)
    at E:\Academic\Semester_7\CO528\Mini Project\decp-platform\backend\messaging-service\node_modules\pg\lib\connection.js:115:12
    at Parser.parse (E:\Academic\Semester_7\CO528\Mini Project\decp-platform\backend\messaging-service\node_modules\pg-protocol\src\parser.ts:106:9)
    at Socket.<anonymous> (E:\Academic\Semester_7\CO528\Mini Project\decp-platform\backend\messaging-service\node_modules\pg-protocol\src\index.ts:7:48)
    at Socket.emit (node:events:524:28)
    at addChunk (node:internal/streams/readable:561:12)
    at readableAddChunkPushByteMode (node:internal/streams/readable:512:3)
2026-03-01 16:02:06 [MESSAGING-SERVICE] [error]: ❌ Unable to start server: database "decp_messaging" does not exist {"name":"SequelizeConnectionError","parent":{"length":100,"name":"error","severity":"FATAL","code":"3D000","file":"postinit.c","line":"1016","routine":"InitPostgres"},"original":{"length":100,"name":"error","severity":"FATAL","code":"3D000","file":"postinit.c","line":"1016","routine":"InitPostgres"}}
SequelizeConnectionError: database "decp_messaging" does not exist
    at Client._connectionCallback (E:\Academic\Semester_7\CO528\Mini Project\decp-platform\backend\messaging-service\node_modules\sequelize\src\dialects\postgres\connection-manager.js:196:24)
    at Client._handleErrorWhileConnecting (E:\Academic\Semester_7\CO528\Mini Project\decp-platform\backend\messaging-service\node_modules\pg\lib\client.js:379:19)
    at Client._handleErrorMessage (E:\Academic\Semester_7\CO528\Mini Project\decp-platform\backend\messaging-service\node_modules\pg\lib\client.js:399:19)
    at Connection.emit (node:events:524:28)
    at E:\Academic\Semester_7\CO528\Mini Project\decp-platform\backend\messaging-service\node_modules\pg\lib\connection.js:115:12
    at Parser.parse (E:\Academic\Semester_7\CO528\Mini Project\decp-platform\backend\messaging-service\node_modules\pg-protocol\src\parser.ts:106:9)
    at Socket.<anonymous> (E:\Academic\Semester_7\CO528\Mini Project\decp-platform\backend\messaging-service\node_modules\pg-protocol\src\index.ts:7:48)
    at Socket.emit (node:events:524:28)
    at addChunk (node:internal/streams/readable:561:12)
    at readableAddChunkPushByteMode (node:internal/streams/readable:512:3)
2026-03-01 16:09:01 [MESSAGING-SERVICE] [error]: ❌ Unable to start server: connect ETIMEDOUT 172.17.0.2:5432 {"name":"SequelizeConnectionError","parent":{"errno":-4039,"code":"ETIMEDOUT","syscall":"connect","address":"172.17.0.2","port":5432},"original":{"errno":-4039,"code":"ETIMEDOUT","syscall":"connect","address":"172.17.0.2","port":5432}}
SequelizeConnectionError: connect ETIMEDOUT 172.17.0.2:5432
    at Client._connectionCallback (E:\Academic\Semester_7\CO528\Mini Project\decp-platform\backend\messaging-service\node_modules\sequelize\src\dialects\postgres\connection-manager.js:196:24)
    at Client._handleErrorWhileConnecting (E:\Academic\Semester_7\CO528\Mini Project\decp-platform\backend\messaging-service\node_modules\pg\lib\client.js:379:19)
    at Client._handleErrorEvent (E:\Academic\Semester_7\CO528\Mini Project\decp-platform\backend\messaging-service\node_modules\pg\lib\client.js:389:19)
    at Connection.emit (node:events:524:28)
    at Socket.reportStreamError (E:\Academic\Semester_7\CO528\Mini Project\decp-platform\backend\messaging-service\node_modules\pg\lib\connection.js:56:12)
    at Socket.emit (node:events:524:28)
    at emitErrorNT (node:internal/streams/destroy:170:8)
    at emitErrorCloseNT (node:internal/streams/destroy:129:3)
    at processTicksAndRejections (node:internal/process/task_queues:90:21)
2026-03-01 16:21:29 [MESSAGING-SERVICE] [info]: ✅ Database connected.
2026-03-01 16:21:29 [MESSAGING-SERVICE] [info]: ✅ Database synchronized.
2026-03-01 16:21:29 [MESSAGING-SERVICE] [info]: 💬 Messaging Service running on port 3007
2026-03-01 16:49:04 [MESSAGING-SERVICE] [info]: ✅ Database connected.
2026-03-01 16:49:05 [MESSAGING-SERVICE] [info]: ✅ Database synchronized.
2026-03-01 16:51:08 [MESSAGING-SERVICE] [info]: ✅ Database connected.
2026-03-01 16:51:08 [MESSAGING-SERVICE] [info]: ✅ Database synchronized.
2026-03-01 16:51:08 [MESSAGING-SERVICE] [info]: 💬 Messaging Service running on port 3007
2026-03-01 16:59:47 [MESSAGING-SERVICE] [info]: ✅ Database connected.
2026-03-01 16:59:48 [MESSAGING-SERVICE] [info]: ✅ Database synchronized.
2026-03-01 16:59:48 [MESSAGING-SERVICE] [info]: 💬 Messaging Service running on port 3007
2026-03-01 17:31:43 [MESSAGING-SERVICE] [info]: ✅ Database connected.
2026-03-01 17:31:43 [MESSAGING-SERVICE] [info]: ✅ Database synchronized.
2026-03-01 17:31:43 [MESSAGING-SERVICE] [info]: 💬 Messaging Service running on port 3007
2026-03-01 17:45:12 [MESSAGING-SERVICE] [info]: ✅ Database connected.
2026-03-01 17:45:12 [MESSAGING-SERVICE] [info]: ✅ Database synchronized.
2026-03-01 17:45:12 [MESSAGING-SERVICE] [info]: 💬 Messaging Service running on port 3007
2026-03-01 18:18:28 [MESSAGING-SERVICE] [info]: ✅ Database connected.
2026-03-01 18:18:29 [MESSAGING-SERVICE] [info]: ✅ Database synchronized.
2026-03-01 18:18:29 [MESSAGING-SERVICE] [info]: 💬 Messaging Service running on port 3007
2026-03-01 18:45:48 [MESSAGING-SERVICE] [info]: ✅ Database connected.
2026-03-01 18:45:48 [MESSAGING-SERVICE] [info]: ✅ Database synchronized.
2026-03-01 18:45:48 [MESSAGING-SERVICE] [info]: 💬 Messaging Service running on port 3007
2026-03-01 18:55:13 [MESSAGING-SERVICE] [error]: ❌ Unable to start server: {"name":"SequelizeConnectionRefusedError","parent":{"code":"ECONNREFUSED"},"original":{"code":"ECONNREFUSED"}}
SequelizeConnectionRefusedError: 
    at Client._connectionCallback (E:\Academic\Semester_7\CO528\Mini Project\decp-platform\backend\messaging-service\node_modules\sequelize\src\dialects\postgres\connection-manager.js:184:24)
    at Client._handleErrorWhileConnecting (E:\Academic\Semester_7\CO528\Mini Project\decp-platform\backend\messaging-service\node_modules\pg\lib\client.js:379:19)
    at Client._handleErrorEvent (E:\Academic\Semester_7\CO528\Mini Project\decp-platform\backend\messaging-service\node_modules\pg\lib\client.js:389:19)
    at Connection.emit (node:events:524:28)
    at Socket.reportStreamError (E:\Academic\Semester_7\CO528\Mini Project\decp-platform\backend\messaging-service\node_modules\pg\lib\connection.js:56:12)
    at Socket.emit (node:events:524:28)
    at emitErrorNT (node:internal/streams/destroy:170:8)
    at emitErrorCloseNT (node:internal/streams/destroy:129:3)
    at processTicksAndRejections (node:internal/process/task_queues:90:21)
2026-03-01 18:59:03 [MESSAGING-SERVICE] [error]: ❌ Unable to start server: {"name":"SequelizeConnectionRefusedError","parent":{"code":"ECONNREFUSED"},"original":{"code":"ECONNREFUSED"}}
SequelizeConnectionRefusedError: 
    at Client._connectionCallback (E:\Academic\Semester_7\CO528\Mini Project\decp-platform\backend\messaging-service\node_modules\sequelize\src\dialects\postgres\connection-manager.js:184:24)
    at Client._handleErrorWhileConnecting (E:\Academic\Semester_7\CO528\Mini Project\decp-platform\backend\messaging-service\node_modules\pg\lib\client.js:379:19)
    at Client._handleErrorEvent (E:\Academic\Semester_7\CO528\Mini Project\decp-platform\backend\messaging-service\node_modules\pg\lib\client.js:389:19)
    at Connection.emit (node:events:524:28)
    at Socket.reportStreamError (E:\Academic\Semester_7\CO528\Mini Project\decp-platform\backend\messaging-service\node_modules\pg\lib\connection.js:56:12)
    at Socket.emit (node:events:524:28)
    at emitErrorNT (node:internal/streams/destroy:170:8)
    at emitErrorCloseNT (node:internal/streams/destroy:129:3)
    at processTicksAndRejections (node:internal/process/task_queues:90:21)
2026-03-01 19:03:25 [MESSAGING-SERVICE] [error]: ❌ Unable to start server: {"name":"SequelizeConnectionRefusedError","parent":{"code":"ECONNREFUSED"},"original":{"code":"ECONNREFUSED"}}
SequelizeConnectionRefusedError: 
    at Client._connectionCallback (e:\Academic\Semester_7\CO528\Mini Project\decp-platform\backend\messaging-service\node_modules\sequelize\src\dialects\postgres\connection-manager.js:184:24)
    at Client._handleErrorWhileConnecting (e:\Academic\Semester_7\CO528\Mini Project\decp-platform\backend\messaging-service\node_modules\pg\lib\client.js:379:19)
    at Client._handleErrorEvent (e:\Academic\Semester_7\CO528\Mini Project\decp-platform\backend\messaging-service\node_modules\pg\lib\client.js:389:19)
    at Connection.emit (node:events:524:28)
    at Socket.reportStreamError (e:\Academic\Semester_7\CO528\Mini Project\decp-platform\backend\messaging-service\node_modules\pg\lib\connection.js:56:12)
    at Socket.emit (node:events:524:28)
    at emitErrorNT (node:internal/streams/destroy:170:8)
    at emitErrorCloseNT (node:internal/streams/destroy:129:3)
    at processTicksAndRejections (node:internal/process/task_queues:90:21)
2026-03-01 19:07:19 [MESSAGING-SERVICE] [info]: ✅ Database connected.
2026-03-01 19:07:19 [MESSAGING-SERVICE] [info]: ✅ Database connected.
2026-03-01 19:07:19 [MESSAGING-SERVICE] [info]: ✅ Database synchronized.
2026-03-01 19:07:19 [MESSAGING-SERVICE] [info]: 💬 Messaging Service running on port 3007
2026-03-01 19:07:19 [MESSAGING-SERVICE] [info]: ✅ Database synchronized.
2026-03-01 19:10:07 [MESSAGING-SERVICE] [info]: ✅ Database connected.
2026-03-01 19:10:08 [MESSAGING-SERVICE] [info]: ✅ Database synchronized.
2026-03-01 19:10:08 [MESSAGING-SERVICE] [info]: 💬 Messaging Service running on port 3007
2026-03-01 19:47:21 [MESSAGING-SERVICE] [info]: ✅ Database connected.
2026-03-01 19:47:21 [MESSAGING-SERVICE] [info]: ✅ Database synchronized.
2026-03-01 19:49:08 [MESSAGING-SERVICE] [info]: ✅ Database connected.
2026-03-01 19:49:08 [MESSAGING-SERVICE] [info]: ✅ Database synchronized.
2026-03-01 19:49:08 [MESSAGING-SERVICE] [info]: 💬 Messaging Service running on port 3007
2026-03-01 19:50:33 [MESSAGING-SERVICE] [info]: ✅ Database connected.
2026-03-01 19:50:33 [MESSAGING-SERVICE] [info]: ✅ Database synchronized.
2026-03-01 19:50:34 [MESSAGING-SERVICE] [info]: 💬 Messaging Service running on port 3007
2026-03-01 19:54:32 [MESSAGING-SERVICE] [info]: ✅ Database connected.
2026-03-01 19:54:32 [MESSAGING-SERVICE] [info]: ✅ Database synchronized.
2026-03-01 19:54:32 [MESSAGING-SERVICE] [info]: 💬 Messaging Service running on port 3007
2026-03-01 19:58:58 [MESSAGING-SERVICE] [info]: ✅ Database connected.
2026-03-01 19:58:58 [MESSAGING-SERVICE] [info]: ✅ Database synchronized.
2026-03-01 19:58:58 [MESSAGING-SERVICE] [info]: 💬 Messaging Service running on port 3007
2026-03-01 20:24:31 [MESSAGING-SERVICE] [info]: ✅ Database connected.
2026-03-01 20:24:31 [MESSAGING-SERVICE] [info]: ✅ Database synchronized.
2026-03-01 20:24:31 [MESSAGING-SERVICE] [info]: 💬 Messaging Service running on port 3007
2026-03-01 20:28:08 [MESSAGING-SERVICE] [info]: ✅ Database connected.
2026-03-01 20:28:08 [MESSAGING-SERVICE] [info]: ✅ Database synchronized.
2026-03-01 20:28:08 [MESSAGING-SERVICE] [info]: 💬 Messaging Service running on port 3007
2026-03-01 20:36:26 [MESSAGING-SERVICE] [info]: ✅ Database connected.
2026-03-01 20:36:26 [MESSAGING-SERVICE] [info]: ✅ Database synchronized.
2026-03-01 20:36:26 [MESSAGING-SERVICE] [info]: 💬 Messaging Service running on port 3007
2026-03-01 20:41:28 [MESSAGING-SERVICE] [info]: ✅ Database connected.
2026-03-01 20:41:28 [MESSAGING-SERVICE] [info]: ✅ Database synchronized.
2026-03-01 20:41:28 [MESSAGING-SERVICE] [info]: 💬 Messaging Service running on port 3007
2026-03-01 20:54:25 [MESSAGING-SERVICE] [info]: ✅ Database connected.
2026-03-01 20:54:26 [MESSAGING-SERVICE] [info]: ✅ Database synchronized.
2026-03-01 20:54:26 [MESSAGING-SERVICE] [info]: 💬 Messaging Service running on port 3007
2026-03-01 21:03:26 [MESSAGING-SERVICE] [info]: ✅ Database connected.
2026-03-01 21:03:26 [MESSAGING-SERVICE] [info]: ✅ Database synchronized.
2026-03-01 21:03:26 [MESSAGING-SERVICE] [info]: 💬 Messaging Service running on port 3007
2026-03-01 21:09:59 [MESSAGING-SERVICE] [info]: ✅ Database connected.
2026-03-01 21:10:00 [MESSAGING-SERVICE] [info]: ✅ Database synchronized.
2026-03-01 21:10:00 [MESSAGING-SERVICE] [info]: 💬 Messaging Service running on port 3007
2026-03-01 21:16:43 [MESSAGING-SERVICE] [info]: ✅ Database connected.
2026-03-01 21:16:43 [MESSAGING-SERVICE] [info]: ✅ Database synchronized.
2026-03-01 21:16:43 [MESSAGING-SERVICE] [info]: 💬 Messaging Service running on port 3007
2026-03-01 21:30:07 [MESSAGING-SERVICE] [info]: ✅ Database connected.
2026-03-01 21:30:07 [MESSAGING-SERVICE] [info]: ✅ Database synchronized.
2026-03-01 21:30:07 [MESSAGING-SERVICE] [info]: 💬 Messaging Service running on port 3007
2026-03-01 21:42:02 [MESSAGING-SERVICE] [info]: ✅ Database connected.
2026-03-01 21:42:03 [MESSAGING-SERVICE] [info]: ✅ Database synchronized.
2026-03-01 21:42:03 [MESSAGING-SERVICE] [info]: 💬 Messaging Service running on port 3007
2026-03-02 21:33:15 [MESSAGING-SERVICE] [error]: ❌ Unable to start server: password authentication failed for user "postgres" {"name":"SequelizeConnectionError","parent":{"length":104,"name":"error","severity":"FATAL","code":"28P01","file":"auth.c","line":"320","routine":"auth_failed"},"original":{"length":104,"name":"error","severity":"FATAL","code":"28P01","file":"auth.c","line":"320","routine":"auth_failed"}}
SequelizeConnectionError: password authentication failed for user "postgres"
    at Client._connectionCallback (E:\Academic\Semester_7\CO528\Mini Project\decp-platform\backend\messaging-service\node_modules\sequelize\src\dialects\postgres\connection-manager.js:196:24)
    at Client._handleErrorWhileConnecting (E:\Academic\Semester_7\CO528\Mini Project\decp-platform\backend\messaging-service\node_modules\pg\lib\client.js:379:19)
    at Client._handleErrorMessage (E:\Academic\Semester_7\CO528\Mini Project\decp-platform\backend\messaging-service\node_modules\pg\lib\client.js:399:19)
    at Connection.emit (node:events:524:28)
    at E:\Academic\Semester_7\CO528\Mini Project\decp-platform\backend\messaging-service\node_modules\pg\lib\connection.js:115:12
    at Parser.parse (E:\Academic\Semester_7\CO528\Mini Project\decp-platform\backend\messaging-service\node_modules\pg-protocol\src\parser.ts:106:9)
    at Socket.<anonymous> (E:\Academic\Semester_7\CO528\Mini Project\decp-platform\backend\messaging-service\node_modules\pg-protocol\src\index.ts:7:48)
    at Socket.emit (node:events:524:28)
    at addChunk (node:internal/streams/readable:561:12)
    at readableAddChunkPushByteMode (node:internal/streams/readable:512:3)
2026-03-02 21:38:13 [MESSAGING-SERVICE] [error]: ❌ Unable to start server: database "decp_messaging" does not exist {"name":"SequelizeConnectionError","parent":{"length":100,"name":"error","severity":"FATAL","code":"3D000","file":"postinit.c","line":"1016","routine":"InitPostgres"},"original":{"length":100,"name":"error","severity":"FATAL","code":"3D000","file":"postinit.c","line":"1016","routine":"InitPostgres"}}
SequelizeConnectionError: database "decp_messaging" does not exist
    at Client._connectionCallback (E:\Academic\Semester_7\CO528\Mini Project\decp-platform\backend\messaging-service\node_modules\sequelize\src\dialects\postgres\connection-manager.js:196:24)
    at Client._handleErrorWhileConnecting (E:\Academic\Semester_7\CO528\Mini Project\decp-platform\backend\messaging-service\node_modules\pg\lib\client.js:379:19)
    at Client._handleErrorMessage (E:\Academic\Semester_7\CO528\Mini Project\decp-platform\backend\messaging-service\node_modules\pg\lib\client.js:399:19)
    at Connection.emit (node:events:524:28)
    at E:\Academic\Semester_7\CO528\Mini Project\decp-platform\backend\messaging-service\node_modules\pg\lib\connection.js:115:12
    at Parser.parse (E:\Academic\Semester_7\CO528\Mini Project\decp-platform\backend\messaging-service\node_modules\pg-protocol\src\parser.ts:106:9)
    at Socket.<anonymous> (E:\Academic\Semester_7\CO528\Mini Project\decp-platform\backend\messaging-service\node_modules\pg-protocol\src\index.ts:7:48)
    at Socket.emit (node:events:524:28)
    at addChunk (node:internal/streams/readable:561:12)
    at readableAddChunkPushByteMode (node:internal/streams/readable:512:3)
2026-03-02 21:40:17 [MESSAGING-SERVICE] [error]: ❌ Unable to start server: database "decp_messaging" does not exist {"name":"SequelizeConnectionError","parent":{"length":100,"name":"error","severity":"FATAL","code":"3D000","file":"postinit.c","line":"1016","routine":"InitPostgres"},"original":{"length":100,"name":"error","severity":"FATAL","code":"3D000","file":"postinit.c","line":"1016","routine":"InitPostgres"}}
SequelizeConnectionError: database "decp_messaging" does not exist
    at Client._connectionCallback (E:\Academic\Semester_7\CO528\Mini Project\decp-platform\backend\messaging-service\node_modules\sequelize\src\dialects\postgres\connection-manager.js:196:24)
    at Client._handleErrorWhileConnecting (E:\Academic\Semester_7\CO528\Mini Project\decp-platform\backend\messaging-service\node_modules\pg\lib\client.js:379:19)
    at Client._handleErrorMessage (E:\Academic\Semester_7\CO528\Mini Project\decp-platform\backend\messaging-service\node_modules\pg\lib\client.js:399:19)
    at Connection.emit (node:events:524:28)
    at E:\Academic\Semester_7\CO528\Mini Project\decp-platform\backend\messaging-service\node_modules\pg\lib\connection.js:115:12
    at Parser.parse (E:\Academic\Semester_7\CO528\Mini Project\decp-platform\backend\messaging-service\node_modules\pg-protocol\src\parser.ts:106:9)
    at Socket.<anonymous> (E:\Academic\Semester_7\CO528\Mini Project\decp-platform\backend\messaging-service\node_modules\pg-protocol\src\index.ts:7:48)
    at Socket.emit (node:events:524:28)
    at addChunk (node:internal/streams/readable:561:12)
    at readableAddChunkPushByteMode (node:internal/streams/readable:512:3)
2026-03-02 21:44:37 [MESSAGING-SERVICE] [error]: ❌ Unable to start server: database "decp_messaging" does not exist {"name":"SequelizeConnectionError","parent":{"length":100,"name":"error","severity":"FATAL","code":"3D000","file":"postinit.c","line":"1016","routine":"InitPostgres"},"original":{"length":100,"name":"error","severity":"FATAL","code":"3D000","file":"postinit.c","line":"1016","routine":"InitPostgres"}}
SequelizeConnectionError: database "decp_messaging" does not exist
    at Client._connectionCallback (E:\Academic\Semester_7\CO528\Mini Project\decp-platform\backend\messaging-service\node_modules\sequelize\src\dialects\postgres\connection-manager.js:196:24)
    at Client._handleErrorWhileConnecting (E:\Academic\Semester_7\CO528\Mini Project\decp-platform\backend\messaging-service\node_modules\pg\lib\client.js:379:19)
    at Client._handleErrorMessage (E:\Academic\Semester_7\CO528\Mini Project\decp-platform\backend\messaging-service\node_modules\pg\lib\client.js:399:19)
    at Connection.emit (node:events:524:28)
    at E:\Academic\Semester_7\CO528\Mini Project\decp-platform\backend\messaging-service\node_modules\pg\lib\connection.js:115:12
    at Parser.parse (E:\Academic\Semester_7\CO528\Mini Project\decp-platform\backend\messaging-service\node_modules\pg-protocol\src\parser.ts:106:9)
    at Socket.<anonymous> (E:\Academic\Semester_7\CO528\Mini Project\decp-platform\backend\messaging-service\node_modules\pg-protocol\src\index.ts:7:48)
    at Socket.emit (node:events:524:28)
    at addChunk (node:internal/streams/readable:561:12)
    at readableAddChunkPushByteMode (node:internal/streams/readable:512:3)
2026-03-02 22:08:34 [MESSAGING-SERVICE] [info]: ✅ Database connected.
2026-03-02 22:08:34 [MESSAGING-SERVICE] [info]: ✅ Database synchronized.
2026-03-02 22:08:34 [MESSAGING-SERVICE] [info]: 💬 Messaging Service running on port 3007
2026-03-02 22:31:09 [MESSAGING-SERVICE] [info]: ✅ Database connected.
2026-03-02 22:31:09 [MESSAGING-SERVICE] [info]: ✅ Database synchronized.
2026-03-02 22:35:35 [MESSAGING-SERVICE] [info]: ✅ Database connected.
2026-03-02 22:35:36 [MESSAGING-SERVICE] [info]: ✅ Database synchronized.
2026-03-02 22:35:36 [MESSAGING-SERVICE] [info]: 💬 Messaging Service running on port 3007
2026-03-02 22:44:13 [MESSAGING-SERVICE] [info]: ✅ Database connected.
2026-03-02 22:44:13 [MESSAGING-SERVICE] [info]: ✅ Database synchronized.
2026-03-02 22:44:13 [MESSAGING-SERVICE] [info]: 💬 Messaging Service running on port 3007
2026-03-02 22:54:38 [MESSAGING-SERVICE] [info]: ✅ Database connected.
2026-03-02 22:54:38 [MESSAGING-SERVICE] [info]: ✅ Database synchronized.
2026-03-02 22:54:38 [MESSAGING-SERVICE] [info]: 💬 Messaging Service running on port 3007
2026-03-02 23:36:21 [MESSAGING-SERVICE] [info]: ✅ Database connected.
2026-03-02 23:36:22 [MESSAGING-SERVICE] [info]: ✅ Database synchronized.
2026-03-02 23:36:22 [MESSAGING-SERVICE] [info]: 💬 Messaging Service running on port 3007
2026-03-02 23:41:41 [MESSAGING-SERVICE] [info]: ✅ Database connected.
2026-03-02 23:41:42 [MESSAGING-SERVICE] [info]: ✅ Database synchronized.
2026-03-02 23:41:42 [MESSAGING-SERVICE] [info]: 💬 Messaging Service running on port 3007
2026-03-03 06:48:25 [MESSAGING-SERVICE] [info]: ✅ Database connected.
2026-03-03 06:48:25 [MESSAGING-SERVICE] [info]: ✅ Database synchronized.
2026-03-03 06:52:13 [MESSAGING-SERVICE] [info]: ✅ Database connected.
2026-03-03 06:52:14 [MESSAGING-SERVICE] [info]: ✅ Database synchronized.
2026-03-03 06:52:14 [MESSAGING-SERVICE] [info]: 💬 Messaging Service running on port 3007
2026-03-03 07:05:19 [MESSAGING-SERVICE] [info]: ✅ Database connected.
2026-03-03 07:05:19 [MESSAGING-SERVICE] [info]: ✅ Database synchronized.
2026-03-03 07:05:19 [MESSAGING-SERVICE] [info]: 💬 Messaging Service running on port 3007
2026-03-03 07:26:26 [MESSAGING-SERVICE] [info]: ✅ Database connected.
2026-03-03 07:26:26 [MESSAGING-SERVICE] [info]: ✅ Database synchronized.
2026-03-03 07:26:26 [MESSAGING-SERVICE] [info]: 💬 Messaging Service running on port 3007
2026-03-03 07:40:13 [MESSAGING-SERVICE] [info]: ✅ Database connected.
2026-03-03 07:40:13 [MESSAGING-SERVICE] [info]: ✅ Database synchronized.
2026-03-03 07:40:13 [MESSAGING-SERVICE] [info]: 💬 Messaging Service running on port 3007
2026-03-03 07:44:06 [MESSAGING-SERVICE] [info]: User connected: 95a2687f-f87c-46a6-9fe4-2854564621f1
2026-03-03 07:44:46 [MESSAGING-SERVICE] [info]: User disconnected: 95a2687f-f87c-46a6-9fe4-2854564621f1
2026-03-03 07:53:41 [MESSAGING-SERVICE] [info]: User connected: 95a2687f-f87c-46a6-9fe4-2854564621f1
2026-03-03 07:54:02 [MESSAGING-SERVICE] [info]: User disconnected: 95a2687f-f87c-46a6-9fe4-2854564621f1
2026-03-03 08:08:34 [MESSAGING-SERVICE] [info]: ✅ Database connected.
2026-03-03 08:08:34 [MESSAGING-SERVICE] [info]: ✅ Database synchronized.
2026-03-03 08:08:34 [MESSAGING-SERVICE] [info]: 💬 Messaging Service running on port 3007
2026-03-03 22:13:06 [MESSAGING-SERVICE] [info]: ✅ Database connected.
2026-03-03 22:13:06 [MESSAGING-SERVICE] [info]: ✅ Database synchronized.
2026-03-03 22:13:06 [MESSAGING-SERVICE] [info]: 💬 Messaging Service running on port 3007
2026-03-03 22:20:13 [MESSAGING-SERVICE] [info]: User connected: 95a2687f-f87c-46a6-9fe4-2854564621f1
2026-03-03 22:20:23 [MESSAGING-SERVICE] [info]: User disconnected: 95a2687f-f87c-46a6-9fe4-2854564621f1
2026-03-03 22:20:23 [MESSAGING-SERVICE] [info]: User connected: 95a2687f-f87c-46a6-9fe4-2854564621f1
2026-03-03 22:20:26 [MESSAGING-SERVICE] [info]: User disconnected: 95a2687f-f87c-46a6-9fe4-2854564621f1
2026-03-03 22:20:26 [MESSAGING-SERVICE] [info]: User connected: 95a2687f-f87c-46a6-9fe4-2854564621f1
2026-03-03 22:20:40 [MESSAGING-SERVICE] [info]: User disconnected: 95a2687f-f87c-46a6-9fe4-2854564621f1
2026-03-03 22:46:51 [MESSAGING-SERVICE] [info]: ✅ Database connected.
2026-03-03 22:46:51 [MESSAGING-SERVICE] [info]: ✅ Database synchronized.
2026-03-03 22:46:51 [MESSAGING-SERVICE] [info]: 💬 Messaging Service running on port 3007
2026-03-04 06:47:22 [MESSAGING-SERVICE] [info]: ✅ Database connected.
2026-03-04 06:47:22 [MESSAGING-SERVICE] [info]: ✅ Database synchronized.
2026-03-04 06:47:22 [MESSAGING-SERVICE] [info]: 💬 Messaging Service running on port 3007
2026-03-04 06:49:08 [MESSAGING-SERVICE] [info]: User connected: 95a2687f-f87c-46a6-9fe4-2854564621f1
2026-03-04 06:49:11 [MESSAGING-SERVICE] [info]: User disconnected: 95a2687f-f87c-46a6-9fe4-2854564621f1
2026-03-04 06:56:13 [MESSAGING-SERVICE] [info]: ✅ Database connected.
2026-03-04 06:56:13 [MESSAGING-SERVICE] [info]: ✅ Database synchronized.
2026-03-04 06:56:13 [MESSAGING-SERVICE] [info]: 💬 Messaging Service running on port 3007
2026-03-04 09:43:35 [MESSAGING-SERVICE] [info]: ✅ Database connected.
2026-03-04 09:43:35 [MESSAGING-SERVICE] [info]: ✅ Database synchronized.
2026-03-04 09:43:35 [MESSAGING-SERVICE] [info]: 💬 Messaging Service running on port 3007
2026-03-04 10:16:07 [MESSAGING-SERVICE] [info]: ✅ Database connected.
2026-03-04 10:16:07 [MESSAGING-SERVICE] [info]: ✅ Database synchronized.
2026-03-04 10:16:07 [MESSAGING-SERVICE] [info]: 💬 Messaging Service running on port 3007
2026-03-04 10:44:39 [MESSAGING-SERVICE] [info]: ✅ Database connected.
2026-03-04 10:44:39 [MESSAGING-SERVICE] [info]: ✅ Database synchronized.
2026-03-04 10:44:39 [MESSAGING-SERVICE] [info]: 💬 Messaging Service running on port 3007
2026-03-04 10:53:46 [MESSAGING-SERVICE] [info]: ✅ Database connected.
2026-03-04 10:53:46 [MESSAGING-SERVICE] [info]: ✅ Database synchronized.
2026-03-04 10:53:46 [MESSAGING-SERVICE] [info]: 💬 Messaging Service running on port 3007
2026-03-04 11:12:52 [MESSAGING-SERVICE] [info]: ✅ Database connected.
2026-03-04 11:12:52 [MESSAGING-SERVICE] [info]: ✅ Database synchronized.
2026-03-04 11:12:52 [MESSAGING-SERVICE] [info]: 💬 Messaging Service running on port 3007
2026-03-04 11:26:21 [MESSAGING-SERVICE] [info]: ✅ Database connected.
2026-03-04 11:26:21 [MESSAGING-SERVICE] [info]: ✅ Database synchronized.
2026-03-04 11:26:21 [MESSAGING-SERVICE] [info]: 💬 Messaging Service running on port 3007
2026-03-04 17:30:24 [MESSAGING-SERVICE] [info]: ✅ Database connected.
2026-03-04 17:30:24 [MESSAGING-SERVICE] [info]: ✅ Database synchronized.
2026-03-04 17:30:24 [MESSAGING-SERVICE] [info]: 💬 Messaging Service running on port 3007
2026-03-04 22:15:13 [MESSAGING-SERVICE] [info]: ✅ Database connected.
2026-03-04 22:15:13 [MESSAGING-SERVICE] [info]: ✅ Database synchronized.
2026-03-04 22:15:13 [MESSAGING-SERVICE] [info]: 💬 Messaging Service running on port 3007
2026-03-04 22:31:08 [MESSAGING-SERVICE] [info]: ✅ Database connected.
2026-03-04 22:31:08 [MESSAGING-SERVICE] [info]: ✅ Database synchronized.
2026-03-04 22:31:08 [MESSAGING-SERVICE] [info]: 💬 Messaging Service running on port 3007
2026-03-04 22:40:53 [MESSAGING-SERVICE] [info]: User connected: 1503f54a-07b4-446e-a4e5-66bab9fe3628
2026-03-04 22:40:54 [MESSAGING-SERVICE] [info]: User disconnected: 1503f54a-07b4-446e-a4e5-66bab9fe3628
2026-03-04 22:40:54 [MESSAGING-SERVICE] [info]: User connected: 1503f54a-07b4-446e-a4e5-66bab9fe3628
2026-03-04 22:41:02 [MESSAGING-SERVICE] [info]: User disconnected: 1503f54a-07b4-446e-a4e5-66bab9fe3628
2026-03-04 23:16:12 [MESSAGING-SERVICE] [info]: ✅ Database connected.
2026-03-04 23:16:12 [MESSAGING-SERVICE] [info]: ✅ Database synchronized.
2026-03-04 23:16:12 [MESSAGING-SERVICE] [info]: 💬 Messaging Service running on port 3007
2026-03-04 23:41:46 [MESSAGING-SERVICE] [info]: User connected: ac9057bf-915c-46cb-b9ba-09ad883b894a
2026-03-04 23:41:47 [MESSAGING-SERVICE] [info]: User disconnected: ac9057bf-915c-46cb-b9ba-09ad883b894a
2026-03-04 23:41:47 [MESSAGING-SERVICE] [info]: User connected: ac9057bf-915c-46cb-b9ba-09ad883b894a
2026-03-04 23:41:56 [MESSAGING-SERVICE] [info]: User disconnected: ac9057bf-915c-46cb-b9ba-09ad883b894a
2026-03-05 12:37:13 [MESSAGING-SERVICE] [info]: ✅ Database connected.
2026-03-05 12:37:13 [MESSAGING-SERVICE] [info]: ✅ Database synchronized.
2026-03-05 12:37:13 [MESSAGING-SERVICE] [info]: 💬 Messaging Service running on port 3007
2026-03-05 12:48:59 [MESSAGING-SERVICE] [info]: ✅ Database connected.
2026-03-05 12:48:59 [MESSAGING-SERVICE] [info]: ✅ Database synchronized.
2026-03-05 12:48:59 [MESSAGING-SERVICE] [info]: 💬 Messaging Service running on port 3007
2026-03-05 12:52:36 [MESSAGING-SERVICE] [info]: ✅ Database connected.
2026-03-05 12:52:36 [MESSAGING-SERVICE] [info]: ✅ Database synchronized.
2026-03-05 12:52:36 [MESSAGING-SERVICE] [info]: 💬 Messaging Service running on port 3007
2026-03-05 12:58:43 [MESSAGING-SERVICE] [info]: ✅ Database connected.
2026-03-05 12:58:43 [MESSAGING-SERVICE] [info]: ✅ Database synchronized.
2026-03-05 12:58:43 [MESSAGING-SERVICE] [info]: 💬 Messaging Service running on port 3007
2026-03-05 13:03:19 [MESSAGING-SERVICE] [info]: ✅ Database connected.
2026-03-05 13:03:19 [MESSAGING-SERVICE] [info]: ✅ Database synchronized.
2026-03-05 13:03:19 [MESSAGING-SERVICE] [info]: 💬 Messaging Service running on port 3007
2026-03-05 13:06:21 [MESSAGING-SERVICE] [info]: ✅ Database connected.
2026-03-05 13:06:21 [MESSAGING-SERVICE] [info]: ✅ Database synchronized.
2026-03-05 13:06:21 [MESSAGING-SERVICE] [info]: 💬 Messaging Service running on port 3007
2026-03-05 13:14:23 [MESSAGING-SERVICE] [info]: ✅ Database connected.
2026-03-05 13:14:23 [MESSAGING-SERVICE] [info]: ✅ Database synchronized.
2026-03-05 13:14:23 [MESSAGING-SERVICE] [info]: 💬 Messaging Service running on port 3007
2026-03-05 13:21:04 [MESSAGING-SERVICE] [info]: ✅ Database connected.
2026-03-05 13:21:04 [MESSAGING-SERVICE] [info]: ✅ Database synchronized.
2026-03-05 13:21:04 [MESSAGING-SERVICE] [info]: 💬 Messaging Service running on port 3007
2026-03-05 13:35:20 [MESSAGING-SERVICE] [info]: ✅ Database connected.
2026-03-05 13:35:20 [MESSAGING-SERVICE] [info]: ✅ Database synchronized.
2026-03-05 13:35:20 [MESSAGING-SERVICE] [info]: 💬 Messaging Service running on port 3007
2026-03-05 13:40:41 [MESSAGING-SERVICE] [info]: ✅ Database connected.
2026-03-05 13:40:41 [MESSAGING-SERVICE] [info]: ✅ Database synchronized.
2026-03-05 13:40:41 [MESSAGING-SERVICE] [info]: 💬 Messaging Service running on port 3007
2026-03-05 13:43:41 [MESSAGING-SERVICE] [info]: ✅ Database connected.
2026-03-05 13:43:41 [MESSAGING-SERVICE] [info]: ✅ Database synchronized.
2026-03-05 13:43:41 [MESSAGING-SERVICE] [info]: 💬 Messaging Service running on port 3007
2026-03-05 14:25:29 [MESSAGING-SERVICE] [info]: ✅ Database connected.
2026-03-05 14:25:29 [MESSAGING-SERVICE] [info]: ✅ Database synchronized.
2026-03-05 14:25:29 [MESSAGING-SERVICE] [info]: 💬 Messaging Service running on port 3007
2026-03-05 16:04:50 [MESSAGING-SERVICE] [info]: ✅ Database connected.
2026-03-05 16:04:50 [MESSAGING-SERVICE] [info]: ✅ Database synchronized.
2026-03-05 16:04:50 [MESSAGING-SERVICE] [info]: 💬 Messaging Service running on port 3007
2026-03-05 16:21:05 [MESSAGING-SERVICE] [info]: ✅ Database connected.
2026-03-05 16:21:05 [MESSAGING-SERVICE] [info]: ✅ Database synchronized.
2026-03-05 16:21:05 [MESSAGING-SERVICE] [info]: 💬 Messaging Service running on port 3007
2026-03-05 16:28:18 [MESSAGING-SERVICE] [info]: ✅ Database connected.
2026-03-05 16:28:18 [MESSAGING-SERVICE] [info]: ✅ Database synchronized.
2026-03-05 16:28:18 [MESSAGING-SERVICE] [info]: 💬 Messaging Service running on port 3007
2026-03-05 17:01:07 [MESSAGING-SERVICE] [info]: ✅ Database connected.
2026-03-05 17:01:07 [MESSAGING-SERVICE] [info]: ✅ Database synchronized.
2026-03-05 17:01:07 [MESSAGING-SERVICE] [info]: 💬 Messaging Service running on port 3007
2026-03-05 17:17:01 [MESSAGING-SERVICE] [info]: ✅ Database connected.
2026-03-05 17:17:01 [MESSAGING-SERVICE] [info]: ✅ Database synchronized.
2026-03-05 17:17:01 [MESSAGING-SERVICE] [info]: 💬 Messaging Service running on port 3007
2026-03-05 17:27:02 [MESSAGING-SERVICE] [info]: ✅ Database connected.
2026-03-05 17:27:02 [MESSAGING-SERVICE] [info]: ✅ Database synchronized.
2026-03-05 17:27:02 [MESSAGING-SERVICE] [info]: 💬 Messaging Service running on port 3007
2026-03-05 17:57:48 [MESSAGING-SERVICE] [info]: ✅ Database connected.
2026-03-05 17:57:48 [MESSAGING-SERVICE] [info]: ✅ Database synchronized.
2026-03-05 17:57:48 [MESSAGING-SERVICE] [info]: 💬 Messaging Service running on port 3007
2026-03-05 17:57:49 [MESSAGING-SERVICE] [info]: ✅ Database connected.
2026-03-05 17:57:49 [MESSAGING-SERVICE] [info]: ✅ Database synchronized.
2026-03-05 17:59:32 [MESSAGING-SERVICE] [info]: ✅ Database connected.
2026-03-05 17:59:32 [MESSAGING-SERVICE] [info]: ✅ Database synchronized.
2026-03-05 17:59:32 [MESSAGING-SERVICE] [info]: 💬 Messaging Service running on port 3007
2026-03-05 18:35:41 [MESSAGING-SERVICE] [info]: User connected: 03ba75c1-ba6b-4526-abde-7145ed0c7ce7
2026-03-05 18:35:42 [MESSAGING-SERVICE] [info]: User disconnected: 03ba75c1-ba6b-4526-abde-7145ed0c7ce7
2026-03-05 18:35:42 [MESSAGING-SERVICE] [info]: User connected: 03ba75c1-ba6b-4526-abde-7145ed0c7ce7
2026-03-05 18:35:45 [MESSAGING-SERVICE] [info]: User disconnected: 03ba75c1-ba6b-4526-abde-7145ed0c7ce7
2026-03-07 11:49:42 [MESSAGING-SERVICE] [info]: ✅ Database connected.
2026-03-07 11:49:42 [MESSAGING-SERVICE] [info]: ✅ Database synchronized.
2026-03-07 11:49:42 [MESSAGING-SERVICE] [info]: 💬 Messaging Service running on port 3007
2026-03-19 11:41:52 [MESSAGING-SERVICE] [info]: ✅ Database connected.
2026-03-19 11:41:52 [MESSAGING-SERVICE] [info]: ✅ Database synchronized.
2026-03-19 11:41:52 [MESSAGING-SERVICE] [info]: 💬 Messaging Service running on port 3007
2026-03-19 12:27:17 [MESSAGING-SERVICE] [info]: ✅ Database connected.
2026-03-19 12:27:18 [MESSAGING-SERVICE] [info]: ✅ Database synchronized.
2026-03-19 12:27:18 [MESSAGING-SERVICE] [info]: 💬 Messaging Service running on port 3007
2026-03-19 12:44:50 [MESSAGING-SERVICE] [info]: User connected: 03ba75c1-ba6b-4526-abde-7145ed0c7ce7
2026-03-19 12:44:50 [MESSAGING-SERVICE] [info]: User connected: 03ba75c1-ba6b-4526-abde-7145ed0c7ce7
2026-03-19 12:46:41 [MESSAGING-SERVICE] [info]: User disconnected: 03ba75c1-ba6b-4526-abde-7145ed0c7ce7
2026-03-19 12:46:41 [MESSAGING-SERVICE] [info]: User disconnected: 03ba75c1-ba6b-4526-abde-7145ed0c7ce7
2026-03-19 12:46:43 [MESSAGING-SERVICE] [info]: User connected: 03ba75c1-ba6b-4526-abde-7145ed0c7ce7
2026-03-19 12:46:43 [MESSAGING-SERVICE] [info]: User connected: 03ba75c1-ba6b-4526-abde-7145ed0c7ce7
2026-03-19 12:50:13 [MESSAGING-SERVICE] [info]: User disconnected: 03ba75c1-ba6b-4526-abde-7145ed0c7ce7
2026-03-19 12:50:13 [MESSAGING-SERVICE] [info]: User disconnected: 03ba75c1-ba6b-4526-abde-7145ed0c7ce7
2026-03-19 12:50:15 [MESSAGING-SERVICE] [info]: User connected: 03ba75c1-ba6b-4526-abde-7145ed0c7ce7
2026-03-19 12:50:15 [MESSAGING-SERVICE] [info]: User connected: 03ba75c1-ba6b-4526-abde-7145ed0c7ce7
2026-03-19 12:57:14 [MESSAGING-SERVICE] [info]: User disconnected: 03ba75c1-ba6b-4526-abde-7145ed0c7ce7
2026-03-19 12:57:14 [MESSAGING-SERVICE] [info]: User disconnected: 03ba75c1-ba6b-4526-abde-7145ed0c7ce7
2026-03-19 12:57:15 [MESSAGING-SERVICE] [info]: User connected: 03ba75c1-ba6b-4526-abde-7145ed0c7ce7
2026-03-19 12:57:15 [MESSAGING-SERVICE] [info]: User connected: 03ba75c1-ba6b-4526-abde-7145ed0c7ce7
2026-03-19 12:57:19 [MESSAGING-SERVICE] [info]: User disconnected: 03ba75c1-ba6b-4526-abde-7145ed0c7ce7
2026-03-19 12:57:19 [MESSAGING-SERVICE] [info]: User disconnected: 03ba75c1-ba6b-4526-abde-7145ed0c7ce7
2026-03-19 12:57:20 [MESSAGING-SERVICE] [info]: User connected: 03ba75c1-ba6b-4526-abde-7145ed0c7ce7
2026-03-19 12:57:20 [MESSAGING-SERVICE] [info]: User connected: 03ba75c1-ba6b-4526-abde-7145ed0c7ce7
2026-03-19 12:57:45 [MESSAGING-SERVICE] [info]: User disconnected: 03ba75c1-ba6b-4526-abde-7145ed0c7ce7
2026-03-19 12:57:45 [MESSAGING-SERVICE] [info]: User disconnected: 03ba75c1-ba6b-4526-abde-7145ed0c7ce7
2026-03-19 12:57:46 [MESSAGING-SERVICE] [info]: User connected: 03ba75c1-ba6b-4526-abde-7145ed0c7ce7
2026-03-19 12:57:46 [MESSAGING-SERVICE] [info]: User connected: 03ba75c1-ba6b-4526-abde-7145ed0c7ce7
2026-03-19 13:22:08 [MESSAGING-SERVICE] [info]: User disconnected: 03ba75c1-ba6b-4526-abde-7145ed0c7ce7
2026-03-19 13:22:08 [MESSAGING-SERVICE] [info]: User disconnected: 03ba75c1-ba6b-4526-abde-7145ed0c7ce7
2026-03-19 13:23:35 [MESSAGING-SERVICE] [info]: User connected: 03ba75c1-ba6b-4526-abde-7145ed0c7ce7
2026-03-19 13:23:35 [MESSAGING-SERVICE] [info]: User connected: 03ba75c1-ba6b-4526-abde-7145ed0c7ce7
2026-03-19 13:33:55 [MESSAGING-SERVICE] [info]: ✅ Database connected.
2026-03-19 13:33:55 [MESSAGING-SERVICE] [info]: ✅ Database synchronized.
2026-03-19 13:33:55 [MESSAGING-SERVICE] [info]: 💬 Messaging Service running on port 3007
2026-03-19 13:34:10 [MESSAGING-SERVICE] [info]: User connected: 03ba75c1-ba6b-4526-abde-7145ed0c7ce7
2026-03-19 13:34:10 [MESSAGING-SERVICE] [info]: User connected: 03ba75c1-ba6b-4526-abde-7145ed0c7ce7
2026-03-19 13:35:00 [MESSAGING-SERVICE] [info]: User disconnected: 03ba75c1-ba6b-4526-abde-7145ed0c7ce7
2026-03-19 13:35:00 [MESSAGING-SERVICE] [info]: User disconnected: 03ba75c1-ba6b-4526-abde-7145ed0c7ce7
2026-03-19 13:35:01 [MESSAGING-SERVICE] [info]: User connected: 03ba75c1-ba6b-4526-abde-7145ed0c7ce7
2026-03-19 13:35:01 [MESSAGING-SERVICE] [info]: User connected: 03ba75c1-ba6b-4526-abde-7145ed0c7ce7
2026-03-19 13:46:58 [MESSAGING-SERVICE] [info]: ✅ Database connected.
2026-03-19 13:46:58 [MESSAGING-SERVICE] [info]: ✅ Database synchronized.
2026-03-19 13:46:58 [MESSAGING-SERVICE] [info]: 💬 Messaging Service running on port 3007
2026-03-19 13:47:13 [MESSAGING-SERVICE] [info]: User connected: 03ba75c1-ba6b-4526-abde-7145ed0c7ce7
2026-03-19 13:47:13 [MESSAGING-SERVICE] [info]: User connected: 03ba75c1-ba6b-4526-abde-7145ed0c7ce7
2026-03-19 13:56:29 [MESSAGING-SERVICE] [info]: User disconnected: 03ba75c1-ba6b-4526-abde-7145ed0c7ce7
2026-03-19 13:56:29 [MESSAGING-SERVICE] [info]: User disconnected: 03ba75c1-ba6b-4526-abde-7145ed0c7ce7
2026-03-19 13:56:30 [MESSAGING-SERVICE] [info]: User connected: 03ba75c1-ba6b-4526-abde-7145ed0c7ce7
2026-03-19 13:56:30 [MESSAGING-SERVICE] [info]: User connected: 03ba75c1-ba6b-4526-abde-7145ed0c7ce7
2026-03-19 13:56:38 [MESSAGING-SERVICE] [info]: User disconnected: 03ba75c1-ba6b-4526-abde-7145ed0c7ce7
2026-03-19 13:56:38 [MESSAGING-SERVICE] [info]: User disconnected: 03ba75c1-ba6b-4526-abde-7145ed0c7ce7
2026-03-19 13:56:39 [MESSAGING-SERVICE] [info]: User connected: 03ba75c1-ba6b-4526-abde-7145ed0c7ce7
2026-03-19 13:56:39 [MESSAGING-SERVICE] [info]: User connected: 03ba75c1-ba6b-4526-abde-7145ed0c7ce7
2026-03-19 14:00:00 [MESSAGING-SERVICE] [info]: User disconnected: 03ba75c1-ba6b-4526-abde-7145ed0c7ce7
2026-03-19 14:00:00 [MESSAGING-SERVICE] [info]: User disconnected: 03ba75c1-ba6b-4526-abde-7145ed0c7ce7
2026-03-19 14:00:01 [MESSAGING-SERVICE] [info]: User connected: 03ba75c1-ba6b-4526-abde-7145ed0c7ce7
2026-03-19 14:00:01 [MESSAGING-SERVICE] [info]: User connected: 03ba75c1-ba6b-4526-abde-7145ed0c7ce7
2026-03-19 14:02:30 [MESSAGING-SERVICE] [info]: User disconnected: 03ba75c1-ba6b-4526-abde-7145ed0c7ce7
2026-03-19 14:02:30 [MESSAGING-SERVICE] [info]: User disconnected: 03ba75c1-ba6b-4526-abde-7145ed0c7ce7
2026-03-19 14:02:32 [MESSAGING-SERVICE] [info]: User connected: 03ba75c1-ba6b-4526-abde-7145ed0c7ce7
2026-03-19 14:02:32 [MESSAGING-SERVICE] [info]: User connected: 03ba75c1-ba6b-4526-abde-7145ed0c7ce7
2026-03-19 14:02:33 [MESSAGING-SERVICE] [info]: User disconnected: 03ba75c1-ba6b-4526-abde-7145ed0c7ce7
2026-03-19 14:02:33 [MESSAGING-SERVICE] [info]: User disconnected: 03ba75c1-ba6b-4526-abde-7145ed0c7ce7
2026-03-19 14:02:34 [MESSAGING-SERVICE] [info]: User connected: 03ba75c1-ba6b-4526-abde-7145ed0c7ce7
2026-03-19 14:02:34 [MESSAGING-SERVICE] [info]: User connected: 03ba75c1-ba6b-4526-abde-7145ed0c7ce7
2026-03-19 14:06:07 [MESSAGING-SERVICE] [info]: ✅ Database connected.
2026-03-19 14:06:07 [MESSAGING-SERVICE] [info]: ✅ Database synchronized.
2026-03-19 14:06:07 [MESSAGING-SERVICE] [info]: 💬 Messaging Service running on port 3007
2026-03-19 14:06:24 [MESSAGING-SERVICE] [info]: User connected: 03ba75c1-ba6b-4526-abde-7145ed0c7ce7
2026-03-19 14:06:24 [MESSAGING-SERVICE] [info]: User connected: 03ba75c1-ba6b-4526-abde-7145ed0c7ce7
2026-03-19 14:06:46 [MESSAGING-SERVICE] [info]: User disconnected: 03ba75c1-ba6b-4526-abde-7145ed0c7ce7
2026-03-19 14:06:46 [MESSAGING-SERVICE] [info]: User disconnected: 03ba75c1-ba6b-4526-abde-7145ed0c7ce7
2026-03-19 14:06:47 [MESSAGING-SERVICE] [info]: User connected: 03ba75c1-ba6b-4526-abde-7145ed0c7ce7
2026-03-19 14:06:47 [MESSAGING-SERVICE] [info]: User connected: 03ba75c1-ba6b-4526-abde-7145ed0c7ce7
2026-03-19 14:11:42 [MESSAGING-SERVICE] [info]: User disconnected: 03ba75c1-ba6b-4526-abde-7145ed0c7ce7
2026-03-19 14:11:42 [MESSAGING-SERVICE] [info]: User disconnected: 03ba75c1-ba6b-4526-abde-7145ed0c7ce7
2026-03-19 14:11:43 [MESSAGING-SERVICE] [info]: User connected: 03ba75c1-ba6b-4526-abde-7145ed0c7ce7
2026-03-19 14:11:43 [MESSAGING-SERVICE] [info]: User connected: 03ba75c1-ba6b-4526-abde-7145ed0c7ce7
2026-03-19 14:17:15 [MESSAGING-SERVICE] [info]: User connected: 03ba75c1-ba6b-4526-abde-7145ed0c7ce7
2026-03-19 14:17:15 [MESSAGING-SERVICE] [info]: User connected: 03ba75c1-ba6b-4526-abde-7145ed0c7ce7
2026-03-19 14:17:16 [MESSAGING-SERVICE] [info]: User disconnected: 03ba75c1-ba6b-4526-abde-7145ed0c7ce7
2026-03-19 14:17:16 [MESSAGING-SERVICE] [info]: User disconnected: 03ba75c1-ba6b-4526-abde-7145ed0c7ce7
2026-03-19 14:21:12 [MESSAGING-SERVICE] [info]: User disconnected: 03ba75c1-ba6b-4526-abde-7145ed0c7ce7
2026-03-19 14:21:12 [MESSAGING-SERVICE] [info]: User disconnected: 03ba75c1-ba6b-4526-abde-7145ed0c7ce7
2026-03-19 14:21:13 [MESSAGING-SERVICE] [info]: User connected: 03ba75c1-ba6b-4526-abde-7145ed0c7ce7
2026-03-19 14:21:13 [MESSAGING-SERVICE] [info]: User connected: 03ba75c1-ba6b-4526-abde-7145ed0c7ce7
2026-03-19 14:36:49 [MESSAGING-SERVICE] [info]: User disconnected: 03ba75c1-ba6b-4526-abde-7145ed0c7ce7
2026-03-19 14:36:49 [MESSAGING-SERVICE] [info]: User disconnected: 03ba75c1-ba6b-4526-abde-7145ed0c7ce7
2026-03-19 14:36:50 [MESSAGING-SERVICE] [info]: User connected: 03ba75c1-ba6b-4526-abde-7145ed0c7ce7
2026-03-19 14:36:50 [MESSAGING-SERVICE] [info]: User connected: 03ba75c1-ba6b-4526-abde-7145ed0c7ce7
2026-03-19 14:37:35 [MESSAGING-SERVICE] [info]: User disconnected: 03ba75c1-ba6b-4526-abde-7145ed0c7ce7
2026-03-19 14:37:35 [MESSAGING-SERVICE] [info]: User disconnected: 03ba75c1-ba6b-4526-abde-7145ed0c7ce7
2026-03-19 14:37:37 [MESSAGING-SERVICE] [info]: User connected: 03ba75c1-ba6b-4526-abde-7145ed0c7ce7
2026-03-19 14:37:37 [MESSAGING-SERVICE] [info]: User connected: 03ba75c1-ba6b-4526-abde-7145ed0c7ce7
2026-03-19 14:43:32 [MESSAGING-SERVICE] [info]: User disconnected: 03ba75c1-ba6b-4526-abde-7145ed0c7ce7
2026-03-19 14:43:32 [MESSAGING-SERVICE] [info]: User disconnected: 03ba75c1-ba6b-4526-abde-7145ed0c7ce7
2026-03-19 14:43:33 [MESSAGING-SERVICE] [info]: User connected: 03ba75c1-ba6b-4526-abde-7145ed0c7ce7
2026-03-19 14:43:33 [MESSAGING-SERVICE] [info]: User connected: 03ba75c1-ba6b-4526-abde-7145ed0c7ce7
2026-03-19 14:45:07 [MESSAGING-SERVICE] [info]: User disconnected: 03ba75c1-ba6b-4526-abde-7145ed0c7ce7
2026-03-19 14:45:07 [MESSAGING-SERVICE] [info]: User disconnected: 03ba75c1-ba6b-4526-abde-7145ed0c7ce7
2026-03-19 14:45:08 [MESSAGING-SERVICE] [info]: User connected: 03ba75c1-ba6b-4526-abde-7145ed0c7ce7
2026-03-19 14:45:08 [MESSAGING-SERVICE] [info]: User connected: 03ba75c1-ba6b-4526-abde-7145ed0c7ce7
2026-03-19 14:45:10 [MESSAGING-SERVICE] [info]: User disconnected: 03ba75c1-ba6b-4526-abde-7145ed0c7ce7
2026-03-19 14:45:10 [MESSAGING-SERVICE] [info]: User disconnected: 03ba75c1-ba6b-4526-abde-7145ed0c7ce7
2026-03-19 14:45:11 [MESSAGING-SERVICE] [info]: User connected: 03ba75c1-ba6b-4526-abde-7145ed0c7ce7
2026-03-19 14:45:11 [MESSAGING-SERVICE] [info]: User connected: 03ba75c1-ba6b-4526-abde-7145ed0c7ce7
2026-03-19 14:48:44 [MESSAGING-SERVICE] [info]: User disconnected: 03ba75c1-ba6b-4526-abde-7145ed0c7ce7
2026-03-19 14:48:44 [MESSAGING-SERVICE] [info]: User disconnected: 03ba75c1-ba6b-4526-abde-7145ed0c7ce7
2026-03-19 14:48:45 [MESSAGING-SERVICE] [info]: User connected: 03ba75c1-ba6b-4526-abde-7145ed0c7ce7
2026-03-19 14:48:45 [MESSAGING-SERVICE] [info]: User connected: 03ba75c1-ba6b-4526-abde-7145ed0c7ce7
2026-03-19 14:52:36 [MESSAGING-SERVICE] [info]: User disconnected: 03ba75c1-ba6b-4526-abde-7145ed0c7ce7
2026-03-19 14:52:36 [MESSAGING-SERVICE] [info]: User disconnected: 03ba75c1-ba6b-4526-abde-7145ed0c7ce7
2026-03-19 14:52:37 [MESSAGING-SERVICE] [info]: User connected: 03ba75c1-ba6b-4526-abde-7145ed0c7ce7
2026-03-19 14:52:37 [MESSAGING-SERVICE] [info]: User connected: 03ba75c1-ba6b-4526-abde-7145ed0c7ce7
2026-03-19 14:52:55 [MESSAGING-SERVICE] [info]: User disconnected: 03ba75c1-ba6b-4526-abde-7145ed0c7ce7
2026-03-19 14:52:55 [MESSAGING-SERVICE] [info]: User disconnected: 03ba75c1-ba6b-4526-abde-7145ed0c7ce7
2026-03-19 14:52:56 [MESSAGING-SERVICE] [info]: User connected: 03ba75c1-ba6b-4526-abde-7145ed0c7ce7
2026-03-19 14:52:56 [MESSAGING-SERVICE] [info]: User connected: 03ba75c1-ba6b-4526-abde-7145ed0c7ce7
2026-03-19 14:56:26 [MESSAGING-SERVICE] [info]: User disconnected: 03ba75c1-ba6b-4526-abde-7145ed0c7ce7
2026-03-19 14:56:26 [MESSAGING-SERVICE] [info]: User disconnected: 03ba75c1-ba6b-4526-abde-7145ed0c7ce7
2026-03-19 14:56:27 [MESSAGING-SERVICE] [info]: User connected: 03ba75c1-ba6b-4526-abde-7145ed0c7ce7
2026-03-19 14:56:27 [MESSAGING-SERVICE] [info]: User connected: 03ba75c1-ba6b-4526-abde-7145ed0c7ce7
2026-03-19 14:58:17 [MESSAGING-SERVICE] [info]: User disconnected: 03ba75c1-ba6b-4526-abde-7145ed0c7ce7
2026-03-19 14:58:17 [MESSAGING-SERVICE] [info]: User disconnected: 03ba75c1-ba6b-4526-abde-7145ed0c7ce7
2026-03-19 15:00:04 [MESSAGING-SERVICE] [info]: User connected: 15d21610-62f6-4c32-b0e6-1920f1cf4059
2026-03-19 15:00:04 [MESSAGING-SERVICE] [info]: User connected: 15d21610-62f6-4c32-b0e6-1920f1cf4059
2026-03-19 15:06:04 [MESSAGING-SERVICE] [info]: User disconnected: 15d21610-62f6-4c32-b0e6-1920f1cf4059
2026-03-19 15:06:04 [MESSAGING-SERVICE] [info]: User disconnected: 15d21610-62f6-4c32-b0e6-1920f1cf4059
2026-03-19 15:06:05 [MESSAGING-SERVICE] [info]: User connected: 15d21610-62f6-4c32-b0e6-1920f1cf4059
2026-03-19 15:06:05 [MESSAGING-SERVICE] [info]: User connected: 15d21610-62f6-4c32-b0e6-1920f1cf4059
2026-03-19 15:12:04 [MESSAGING-SERVICE] [info]: User disconnected: 15d21610-62f6-4c32-b0e6-1920f1cf4059
2026-03-19 15:12:04 [MESSAGING-SERVICE] [info]: User disconnected: 15d21610-62f6-4c32-b0e6-1920f1cf4059
2026-03-19 15:12:06 [MESSAGING-SERVICE] [info]: User connected: 15d21610-62f6-4c32-b0e6-1920f1cf4059
2026-03-19 15:12:06 [MESSAGING-SERVICE] [info]: User connected: 15d21610-62f6-4c32-b0e6-1920f1cf4059
2026-03-19 15:12:15 [MESSAGING-SERVICE] [info]: User disconnected: 15d21610-62f6-4c32-b0e6-1920f1cf4059
2026-03-19 15:12:15 [MESSAGING-SERVICE] [info]: User disconnected: 15d21610-62f6-4c32-b0e6-1920f1cf4059
2026-03-19 15:12:17 [MESSAGING-SERVICE] [info]: User connected: 15d21610-62f6-4c32-b0e6-1920f1cf4059
2026-03-19 15:12:17 [MESSAGING-SERVICE] [info]: User connected: 15d21610-62f6-4c32-b0e6-1920f1cf4059
2026-03-19 15:17:25 [MESSAGING-SERVICE] [info]: User disconnected: 15d21610-62f6-4c32-b0e6-1920f1cf4059
2026-03-19 15:17:25 [MESSAGING-SERVICE] [info]: User disconnected: 15d21610-62f6-4c32-b0e6-1920f1cf4059
2026-03-19 15:19:20 [MESSAGING-SERVICE] [info]: User connected: 15d21610-62f6-4c32-b0e6-1920f1cf4059
2026-03-19 15:19:20 [MESSAGING-SERVICE] [info]: User connected: 15d21610-62f6-4c32-b0e6-1920f1cf4059
2026-03-19 15:21:43 [MESSAGING-SERVICE] [info]: User disconnected: 15d21610-62f6-4c32-b0e6-1920f1cf4059
2026-03-19 15:21:43 [MESSAGING-SERVICE] [info]: User disconnected: 15d21610-62f6-4c32-b0e6-1920f1cf4059
2026-03-19 15:21:45 [MESSAGING-SERVICE] [info]: User connected: 15d21610-62f6-4c32-b0e6-1920f1cf4059
2026-03-19 15:21:45 [MESSAGING-SERVICE] [info]: User connected: 15d21610-62f6-4c32-b0e6-1920f1cf4059
2026-03-19 15:24:09 [MESSAGING-SERVICE] [info]: User disconnected: 15d21610-62f6-4c32-b0e6-1920f1cf4059
2026-03-19 15:24:09 [MESSAGING-SERVICE] [info]: User disconnected: 15d21610-62f6-4c32-b0e6-1920f1cf4059
2026-03-19 15:24:11 [MESSAGING-SERVICE] [info]: User connected: 15d21610-62f6-4c32-b0e6-1920f1cf4059
2026-03-19 15:24:11 [MESSAGING-SERVICE] [info]: User connected: 15d21610-62f6-4c32-b0e6-1920f1cf4059
2026-03-19 15:29:02 [MESSAGING-SERVICE] [info]: User disconnected: 15d21610-62f6-4c32-b0e6-1920f1cf4059
2026-03-19 15:29:02 [MESSAGING-SERVICE] [info]: User disconnected: 15d21610-62f6-4c32-b0e6-1920f1cf4059
2026-03-19 15:29:04 [MESSAGING-SERVICE] [info]: User connected: 15d21610-62f6-4c32-b0e6-1920f1cf4059
2026-03-19 15:29:04 [MESSAGING-SERVICE] [info]: User connected: 15d21610-62f6-4c32-b0e6-1920f1cf4059
2026-03-19 15:49:04 [MESSAGING-SERVICE] [info]: User disconnected: 15d21610-62f6-4c32-b0e6-1920f1cf4059
2026-03-19 15:49:04 [MESSAGING-SERVICE] [info]: User disconnected: 15d21610-62f6-4c32-b0e6-1920f1cf4059
2026-03-19 15:49:06 [MESSAGING-SERVICE] [info]: User connected: 15d21610-62f6-4c32-b0e6-1920f1cf4059
2026-03-19 15:49:06 [MESSAGING-SERVICE] [info]: User connected: 15d21610-62f6-4c32-b0e6-1920f1cf4059
2026-03-19 15:49:19 [MESSAGING-SERVICE] [info]: User disconnected: 15d21610-62f6-4c32-b0e6-1920f1cf4059
2026-03-19 15:50:04 [MESSAGING-SERVICE] [info]: User connected: 15d21610-62f6-4c32-b0e6-1920f1cf4059
2026-03-19 15:50:04 [MESSAGING-SERVICE] [info]: User connected: 15d21610-62f6-4c32-b0e6-1920f1cf4059
2026-03-19 15:50:53 [MESSAGING-SERVICE] [info]: User disconnected: 15d21610-62f6-4c32-b0e6-1920f1cf4059
2026-03-19 15:52:14 [MESSAGING-SERVICE] [info]: User connected: 7c2fc481-4989-4f96-b04f-6ff8a71139d4
2026-03-19 15:52:14 [MESSAGING-SERVICE] [info]: User connected: 7c2fc481-4989-4f96-b04f-6ff8a71139d4
2026-03-19 16:10:52 [MESSAGING-SERVICE] [info]: User disconnected: 15d21610-62f6-4c32-b0e6-1920f1cf4059
2026-03-19 16:10:52 [MESSAGING-SERVICE] [info]: User disconnected: 7c2fc481-4989-4f96-b04f-6ff8a71139d4
2026-03-19 16:10:52 [MESSAGING-SERVICE] [info]: User disconnected: 7c2fc481-4989-4f96-b04f-6ff8a71139d4
2026-03-19 16:10:52 [MESSAGING-SERVICE] [info]: User disconnected: 15d21610-62f6-4c32-b0e6-1920f1cf4059
2026-03-19 16:10:54 [MESSAGING-SERVICE] [info]: User connected: 7c2fc481-4989-4f96-b04f-6ff8a71139d4
2026-03-19 16:10:54 [MESSAGING-SERVICE] [info]: User connected: 7c2fc481-4989-4f96-b04f-6ff8a71139d4
2026-03-19 16:32:00 [MESSAGING-SERVICE] [error]: Get messages error: invalid input syntax for type uuid: "1" {"name":"SequelizeDatabaseError","parent":{"length":101,"name":"error","severity":"ERROR","code":"22P02","position":"152","file":"uuid.c","line":"177","routine":"string_to_uuid","sql":"SELECT \"id\", \"type\", \"title\", \"participants\", \"createdBy\", \"createdAt\", \"updatedAt\" FROM \"conversations\" AS \"Conversation\" WHERE \"Conversation\".\"id\" = '1';"},"original":{"length":101,"name":"error","severity":"ERROR","code":"22P02","position":"152","file":"uuid.c","line":"177","routine":"string_to_uuid","sql":"SELECT \"id\", \"type\", \"title\", \"participants\", \"createdBy\", \"createdAt\", \"updatedAt\" FROM \"conversations\" AS \"Conversation\" WHERE \"Conversation\".\"id\" = '1';"},"sql":"SELECT \"id\", \"type\", \"title\", \"participants\", \"createdBy\", \"createdAt\", \"updatedAt\" FROM \"conversations\" AS \"Conversation\" WHERE \"Conversation\".\"id\" = '1';","parameters":{}}
Error
    at Query.run (E:\Git Hub\e20-CO528-Mini-Project\decp-platform\backend\messaging-service\node_modules\sequelize\lib\dialects\postgres\query.js:50:25)
    at E:\Git Hub\e20-CO528-Mini-Project\decp-platform\backend\messaging-service\node_modules\sequelize\lib\sequelize.js:315:28
    at process.processTicksAndRejections (node:internal/process/task_queues:105:5)
    at async PostgresQueryInterface.select (E:\Git Hub\e20-CO528-Mini-Project\decp-platform\backend\messaging-service\node_modules\sequelize\lib\dialects\abstract\query-interface.js:407:12)
    at async Conversation.findAll (E:\Git Hub\e20-CO528-Mini-Project\decp-platform\backend\messaging-service\node_modules\sequelize\lib\model.js:1140:21)
    at async Conversation.findOne (E:\Git Hub\e20-CO528-Mini-Project\decp-platform\backend\messaging-service\node_modules\sequelize\lib\model.js:1240:12)
    at async Conversation.findByPk (E:\Git Hub\e20-CO528-Mini-Project\decp-platform\backend\messaging-service\node_modules\sequelize\lib\model.js:1221:12)
    at async getMessages (E:\Git Hub\e20-CO528-Mini-Project\decp-platform\backend\messaging-service\dist\controllers\conversationController.js:97:30)
2026-03-19 16:32:00 [MESSAGING-SERVICE] [error]: Get messages error: invalid input syntax for type uuid: "1" {"name":"SequelizeDatabaseError","parent":{"length":101,"name":"error","severity":"ERROR","code":"22P02","position":"152","file":"uuid.c","line":"177","routine":"string_to_uuid","sql":"SELECT \"id\", \"type\", \"title\", \"participants\", \"createdBy\", \"createdAt\", \"updatedAt\" FROM \"conversations\" AS \"Conversation\" WHERE \"Conversation\".\"id\" = '1';"},"original":{"length":101,"name":"error","severity":"ERROR","code":"22P02","position":"152","file":"uuid.c","line":"177","routine":"string_to_uuid","sql":"SELECT \"id\", \"type\", \"title\", \"participants\", \"createdBy\", \"createdAt\", \"updatedAt\" FROM \"conversations\" AS \"Conversation\" WHERE \"Conversation\".\"id\" = '1';"},"sql":"SELECT \"id\", \"type\", \"title\", \"participants\", \"createdBy\", \"createdAt\", \"updatedAt\" FROM \"conversations\" AS \"Conversation\" WHERE \"Conversation\".\"id\" = '1';","parameters":{}}
Error
    at Query.run (E:\Git Hub\e20-CO528-Mini-Project\decp-platform\backend\messaging-service\node_modules\sequelize\lib\dialects\postgres\query.js:50:25)
    at E:\Git Hub\e20-CO528-Mini-Project\decp-platform\backend\messaging-service\node_modules\sequelize\lib\sequelize.js:315:28
    at process.processTicksAndRejections (node:internal/process/task_queues:105:5)
    at async PostgresQueryInterface.select (E:\Git Hub\e20-CO528-Mini-Project\decp-platform\backend\messaging-service\node_modules\sequelize\lib\dialects\abstract\query-interface.js:407:12)
    at async Conversation.findAll (E:\Git Hub\e20-CO528-Mini-Project\decp-platform\backend\messaging-service\node_modules\sequelize\lib\model.js:1140:21)
    at async Conversation.findOne (E:\Git Hub\e20-CO528-Mini-Project\decp-platform\backend\messaging-service\node_modules\sequelize\lib\model.js:1240:12)
    at async Conversation.findByPk (E:\Git Hub\e20-CO528-Mini-Project\decp-platform\backend\messaging-service\node_modules\sequelize\lib\model.js:1221:12)
    at async getMessages (E:\Git Hub\e20-CO528-Mini-Project\decp-platform\backend\messaging-service\dist\controllers\conversationController.js:97:30)
2026-03-19 16:32:06 [MESSAGING-SERVICE] [error]: Send message error: invalid input syntax for type uuid: "1" {"name":"SequelizeDatabaseError","parent":{"length":101,"name":"error","severity":"ERROR","code":"22P02","position":"152","file":"uuid.c","line":"177","routine":"string_to_uuid","sql":"SELECT \"id\", \"type\", \"title\", \"participants\", \"createdBy\", \"createdAt\", \"updatedAt\" FROM \"conversations\" AS \"Conversation\" WHERE \"Conversation\".\"id\" = '1';"},"original":{"length":101,"name":"error","severity":"ERROR","code":"22P02","position":"152","file":"uuid.c","line":"177","routine":"string_to_uuid","sql":"SELECT \"id\", \"type\", \"title\", \"participants\", \"createdBy\", \"createdAt\", \"updatedAt\" FROM \"conversations\" AS \"Conversation\" WHERE \"Conversation\".\"id\" = '1';"},"sql":"SELECT \"id\", \"type\", \"title\", \"participants\", \"createdBy\", \"createdAt\", \"updatedAt\" FROM \"conversations\" AS \"Conversation\" WHERE \"Conversation\".\"id\" = '1';","parameters":{}}
Error
    at Query.run (E:\Git Hub\e20-CO528-Mini-Project\decp-platform\backend\messaging-service\node_modules\sequelize\lib\dialects\postgres\query.js:50:25)
    at E:\Git Hub\e20-CO528-Mini-Project\decp-platform\backend\messaging-service\node_modules\sequelize\lib\sequelize.js:315:28
    at process.processTicksAndRejections (node:internal/process/task_queues:105:5)
    at async PostgresQueryInterface.select (E:\Git Hub\e20-CO528-Mini-Project\decp-platform\backend\messaging-service\node_modules\sequelize\lib\dialects\abstract\query-interface.js:407:12)
    at async Conversation.findAll (E:\Git Hub\e20-CO528-Mini-Project\decp-platform\backend\messaging-service\node_modules\sequelize\lib\model.js:1140:21)
    at async Conversation.findOne (E:\Git Hub\e20-CO528-Mini-Project\decp-platform\backend\messaging-service\node_modules\sequelize\lib\model.js:1240:12)
    at async Conversation.findByPk (E:\Git Hub\e20-CO528-Mini-Project\decp-platform\backend\messaging-service\node_modules\sequelize\lib\model.js:1221:12)
    at async sendMessage (E:\Git Hub\e20-CO528-Mini-Project\decp-platform\backend\messaging-service\dist\controllers\conversationController.js:129:30)
2026-03-19 16:32:11 [MESSAGING-SERVICE] [error]: Get messages error: invalid input syntax for type uuid: "1" {"name":"SequelizeDatabaseError","parent":{"length":101,"name":"error","severity":"ERROR","code":"22P02","position":"152","file":"uuid.c","line":"177","routine":"string_to_uuid","sql":"SELECT \"id\", \"type\", \"title\", \"participants\", \"createdBy\", \"createdAt\", \"updatedAt\" FROM \"conversations\" AS \"Conversation\" WHERE \"Conversation\".\"id\" = '1';"},"original":{"length":101,"name":"error","severity":"ERROR","code":"22P02","position":"152","file":"uuid.c","line":"177","routine":"string_to_uuid","sql":"SELECT \"id\", \"type\", \"title\", \"participants\", \"createdBy\", \"createdAt\", \"updatedAt\" FROM \"conversations\" AS \"Conversation\" WHERE \"Conversation\".\"id\" = '1';"},"sql":"SELECT \"id\", \"type\", \"title\", \"participants\", \"createdBy\", \"createdAt\", \"updatedAt\" FROM \"conversations\" AS \"Conversation\" WHERE \"Conversation\".\"id\" = '1';","parameters":{}}
Error
    at Query.run (E:\Git Hub\e20-CO528-Mini-Project\decp-platform\backend\messaging-service\node_modules\sequelize\lib\dialects\postgres\query.js:50:25)
    at E:\Git Hub\e20-CO528-Mini-Project\decp-platform\backend\messaging-service\node_modules\sequelize\lib\sequelize.js:315:28
    at process.processTicksAndRejections (node:internal/process/task_queues:105:5)
    at async PostgresQueryInterface.select (E:\Git Hub\e20-CO528-Mini-Project\decp-platform\backend\messaging-service\node_modules\sequelize\lib\dialects\abstract\query-interface.js:407:12)
    at async Conversation.findAll (E:\Git Hub\e20-CO528-Mini-Project\decp-platform\backend\messaging-service\node_modules\sequelize\lib\model.js:1140:21)
    at async Conversation.findOne (E:\Git Hub\e20-CO528-Mini-Project\decp-platform\backend\messaging-service\node_modules\sequelize\lib\model.js:1240:12)
    at async Conversation.findByPk (E:\Git Hub\e20-CO528-Mini-Project\decp-platform\backend\messaging-service\node_modules\sequelize\lib\model.js:1221:12)
    at async getMessages (E:\Git Hub\e20-CO528-Mini-Project\decp-platform\backend\messaging-service\dist\controllers\conversationController.js:97:30)
2026-03-19 16:32:11 [MESSAGING-SERVICE] [error]: Get messages error: invalid input syntax for type uuid: "1" {"name":"SequelizeDatabaseError","parent":{"length":101,"name":"error","severity":"ERROR","code":"22P02","position":"152","file":"uuid.c","line":"177","routine":"string_to_uuid","sql":"SELECT \"id\", \"type\", \"title\", \"participants\", \"createdBy\", \"createdAt\", \"updatedAt\" FROM \"conversations\" AS \"Conversation\" WHERE \"Conversation\".\"id\" = '1';"},"original":{"length":101,"name":"error","severity":"ERROR","code":"22P02","position":"152","file":"uuid.c","line":"177","routine":"string_to_uuid","sql":"SELECT \"id\", \"type\", \"title\", \"participants\", \"createdBy\", \"createdAt\", \"updatedAt\" FROM \"conversations\" AS \"Conversation\" WHERE \"Conversation\".\"id\" = '1';"},"sql":"SELECT \"id\", \"type\", \"title\", \"participants\", \"createdBy\", \"createdAt\", \"updatedAt\" FROM \"conversations\" AS \"Conversation\" WHERE \"Conversation\".\"id\" = '1';","parameters":{}}
Error
    at Query.run (E:\Git Hub\e20-CO528-Mini-Project\decp-platform\backend\messaging-service\node_modules\sequelize\lib\dialects\postgres\query.js:50:25)
    at E:\Git Hub\e20-CO528-Mini-Project\decp-platform\backend\messaging-service\node_modules\sequelize\lib\sequelize.js:315:28
    at process.processTicksAndRejections (node:internal/process/task_queues:105:5)
    at async PostgresQueryInterface.select (E:\Git Hub\e20-CO528-Mini-Project\decp-platform\backend\messaging-service\node_modules\sequelize\lib\dialects\abstract\query-interface.js:407:12)
    at async Conversation.findAll (E:\Git Hub\e20-CO528-Mini-Project\decp-platform\backend\messaging-service\node_modules\sequelize\lib\model.js:1140:21)
    at async Conversation.findOne (E:\Git Hub\e20-CO528-Mini-Project\decp-platform\backend\messaging-service\node_modules\sequelize\lib\model.js:1240:12)
    at async Conversation.findByPk (E:\Git Hub\e20-CO528-Mini-Project\decp-platform\backend\messaging-service\node_modules\sequelize\lib\model.js:1221:12)
    at async getMessages (E:\Git Hub\e20-CO528-Mini-Project\decp-platform\backend\messaging-service\dist\controllers\conversationController.js:97:30)
2026-03-19 16:32:15 [MESSAGING-SERVICE] [error]: Get messages error: invalid input syntax for type uuid: "1" {"name":"SequelizeDatabaseError","parent":{"length":101,"name":"error","severity":"ERROR","code":"22P02","position":"152","file":"uuid.c","line":"177","routine":"string_to_uuid","sql":"SELECT \"id\", \"type\", \"title\", \"participants\", \"createdBy\", \"createdAt\", \"updatedAt\" FROM \"conversations\" AS \"Conversation\" WHERE \"Conversation\".\"id\" = '1';"},"original":{"length":101,"name":"error","severity":"ERROR","code":"22P02","position":"152","file":"uuid.c","line":"177","routine":"string_to_uuid","sql":"SELECT \"id\", \"type\", \"title\", \"participants\", \"createdBy\", \"createdAt\", \"updatedAt\" FROM \"conversations\" AS \"Conversation\" WHERE \"Conversation\".\"id\" = '1';"},"sql":"SELECT \"id\", \"type\", \"title\", \"participants\", \"createdBy\", \"createdAt\", \"updatedAt\" FROM \"conversations\" AS \"Conversation\" WHERE \"Conversation\".\"id\" = '1';","parameters":{}}
Error
    at Query.run (E:\Git Hub\e20-CO528-Mini-Project\decp-platform\backend\messaging-service\node_modules\sequelize\lib\dialects\postgres\query.js:50:25)
    at E:\Git Hub\e20-CO528-Mini-Project\decp-platform\backend\messaging-service\node_modules\sequelize\lib\sequelize.js:315:28
    at process.processTicksAndRejections (node:internal/process/task_queues:105:5)
    at async PostgresQueryInterface.select (E:\Git Hub\e20-CO528-Mini-Project\decp-platform\backend\messaging-service\node_modules\sequelize\lib\dialects\abstract\query-interface.js:407:12)
    at async Conversation.findAll (E:\Git Hub\e20-CO528-Mini-Project\decp-platform\backend\messaging-service\node_modules\sequelize\lib\model.js:1140:21)
    at async Conversation.findOne (E:\Git Hub\e20-CO528-Mini-Project\decp-platform\backend\messaging-service\node_modules\sequelize\lib\model.js:1240:12)
    at async Conversation.findByPk (E:\Git Hub\e20-CO528-Mini-Project\decp-platform\backend\messaging-service\node_modules\sequelize\lib\model.js:1221:12)
    at async getMessages (E:\Git Hub\e20-CO528-Mini-Project\decp-platform\backend\messaging-service\dist\controllers\conversationController.js:97:30)
2026-03-19 16:32:15 [MESSAGING-SERVICE] [error]: Get messages error: invalid input syntax for type uuid: "1" {"name":"SequelizeDatabaseError","parent":{"length":101,"name":"error","severity":"ERROR","code":"22P02","position":"152","file":"uuid.c","line":"177","routine":"string_to_uuid","sql":"SELECT \"id\", \"type\", \"title\", \"participants\", \"createdBy\", \"createdAt\", \"updatedAt\" FROM \"conversations\" AS \"Conversation\" WHERE \"Conversation\".\"id\" = '1';"},"original":{"length":101,"name":"error","severity":"ERROR","code":"22P02","position":"152","file":"uuid.c","line":"177","routine":"string_to_uuid","sql":"SELECT \"id\", \"type\", \"title\", \"participants\", \"createdBy\", \"createdAt\", \"updatedAt\" FROM \"conversations\" AS \"Conversation\" WHERE \"Conversation\".\"id\" = '1';"},"sql":"SELECT \"id\", \"type\", \"title\", \"participants\", \"createdBy\", \"createdAt\", \"updatedAt\" FROM \"conversations\" AS \"Conversation\" WHERE \"Conversation\".\"id\" = '1';","parameters":{}}
Error
    at Query.run (E:\Git Hub\e20-CO528-Mini-Project\decp-platform\backend\messaging-service\node_modules\sequelize\lib\dialects\postgres\query.js:50:25)
    at E:\Git Hub\e20-CO528-Mini-Project\decp-platform\backend\messaging-service\node_modules\sequelize\lib\sequelize.js:315:28
    at process.processTicksAndRejections (node:internal/process/task_queues:105:5)
    at async PostgresQueryInterface.select (E:\Git Hub\e20-CO528-Mini-Project\decp-platform\backend\messaging-service\node_modules\sequelize\lib\dialects\abstract\query-interface.js:407:12)
    at async Conversation.findAll (E:\Git Hub\e20-CO528-Mini-Project\decp-platform\backend\messaging-service\node_modules\sequelize\lib\model.js:1140:21)
    at async Conversation.findOne (E:\Git Hub\e20-CO528-Mini-Project\decp-platform\backend\messaging-service\node_modules\sequelize\lib\model.js:1240:12)
    at async Conversation.findByPk (E:\Git Hub\e20-CO528-Mini-Project\decp-platform\backend\messaging-service\node_modules\sequelize\lib\model.js:1221:12)
    at async getMessages (E:\Git Hub\e20-CO528-Mini-Project\decp-platform\backend\messaging-service\dist\controllers\conversationController.js:97:30)
2026-03-19 16:34:36 [MESSAGING-SERVICE] [info]: User disconnected: 7c2fc481-4989-4f96-b04f-6ff8a71139d4
2026-03-19 16:34:36 [MESSAGING-SERVICE] [info]: User disconnected: 7c2fc481-4989-4f96-b04f-6ff8a71139d4
2026-03-19 16:34:38 [MESSAGING-SERVICE] [info]: User connected: 7c2fc481-4989-4f96-b04f-6ff8a71139d4
2026-03-19 16:34:38 [MESSAGING-SERVICE] [info]: User connected: 7c2fc481-4989-4f96-b04f-6ff8a71139d4
2026-03-19 18:40:32 [MESSAGING-SERVICE] [info]: ✅ Database connected.
2026-03-19 18:40:32 [MESSAGING-SERVICE] [info]: ✅ Database synchronized.
2026-03-19 18:40:32 [MESSAGING-SERVICE] [info]: 💬 Messaging Service running on port 3007
2026-03-19 18:41:11 [MESSAGING-SERVICE] [info]: User connected: 15d21610-62f6-4c32-b0e6-1920f1cf4059
2026-03-19 18:41:11 [MESSAGING-SERVICE] [info]: User connected: 15d21610-62f6-4c32-b0e6-1920f1cf4059
2026-03-19 18:41:20 [MESSAGING-SERVICE] [info]: User disconnected: 15d21610-62f6-4c32-b0e6-1920f1cf4059
2026-03-19 18:41:20 [MESSAGING-SERVICE] [info]: User disconnected: 15d21610-62f6-4c32-b0e6-1920f1cf4059
2026-03-19 18:41:22 [MESSAGING-SERVICE] [info]: User connected: 15d21610-62f6-4c32-b0e6-1920f1cf4059
2026-03-19 18:41:22 [MESSAGING-SERVICE] [info]: User connected: 15d21610-62f6-4c32-b0e6-1920f1cf4059
2026-03-19 18:41:25 [MESSAGING-SERVICE] [info]: User disconnected: 15d21610-62f6-4c32-b0e6-1920f1cf4059
2026-03-19 18:41:25 [MESSAGING-SERVICE] [info]: User disconnected: 15d21610-62f6-4c32-b0e6-1920f1cf4059
2026-03-19 18:41:26 [MESSAGING-SERVICE] [info]: User connected: 15d21610-62f6-4c32-b0e6-1920f1cf4059
2026-03-19 18:41:26 [MESSAGING-SERVICE] [info]: User connected: 15d21610-62f6-4c32-b0e6-1920f1cf4059
2026-03-19 19:01:21 [MESSAGING-SERVICE] [info]: User connected: ea327809-eb65-4380-8f2c-c8675ec6b1a6
2026-03-19 19:01:21 [MESSAGING-SERVICE] [info]: User connected: ea327809-eb65-4380-8f2c-c8675ec6b1a6
2026-03-19 19:02:00 [MESSAGING-SERVICE] [info]: User disconnected: ea327809-eb65-4380-8f2c-c8675ec6b1a6
2026-03-19 19:02:00 [MESSAGING-SERVICE] [info]: User disconnected: ea327809-eb65-4380-8f2c-c8675ec6b1a6
2026-03-19 19:02:03 [MESSAGING-SERVICE] [info]: User connected: ea327809-eb65-4380-8f2c-c8675ec6b1a6
2026-03-19 19:02:03 [MESSAGING-SERVICE] [info]: User connected: ea327809-eb65-4380-8f2c-c8675ec6b1a6
2026-03-19 19:03:12 [MESSAGING-SERVICE] [error]: Get messages error: invalid input syntax for type uuid: "1" {"name":"SequelizeDatabaseError","parent":{"length":101,"name":"error","severity":"ERROR","code":"22P02","position":"152","file":"uuid.c","line":"177","routine":"string_to_uuid","sql":"SELECT \"id\", \"type\", \"title\", \"participants\", \"createdBy\", \"createdAt\", \"updatedAt\" FROM \"conversations\" AS \"Conversation\" WHERE \"Conversation\".\"id\" = '1';"},"original":{"length":101,"name":"error","severity":"ERROR","code":"22P02","position":"152","file":"uuid.c","line":"177","routine":"string_to_uuid","sql":"SELECT \"id\", \"type\", \"title\", \"participants\", \"createdBy\", \"createdAt\", \"updatedAt\" FROM \"conversations\" AS \"Conversation\" WHERE \"Conversation\".\"id\" = '1';"},"sql":"SELECT \"id\", \"type\", \"title\", \"participants\", \"createdBy\", \"createdAt\", \"updatedAt\" FROM \"conversations\" AS \"Conversation\" WHERE \"Conversation\".\"id\" = '1';","parameters":{}}
Error
    at Query.run (E:\Git Hub\e20-CO528-Mini-Project\decp-platform\backend\messaging-service\node_modules\sequelize\lib\dialects\postgres\query.js:50:25)
    at E:\Git Hub\e20-CO528-Mini-Project\decp-platform\backend\messaging-service\node_modules\sequelize\lib\sequelize.js:315:28
    at process.processTicksAndRejections (node:internal/process/task_queues:105:5)
    at async PostgresQueryInterface.select (E:\Git Hub\e20-CO528-Mini-Project\decp-platform\backend\messaging-service\node_modules\sequelize\lib\dialects\abstract\query-interface.js:407:12)
    at async Conversation.findAll (E:\Git Hub\e20-CO528-Mini-Project\decp-platform\backend\messaging-service\node_modules\sequelize\lib\model.js:1140:21)
    at async Conversation.findOne (E:\Git Hub\e20-CO528-Mini-Project\decp-platform\backend\messaging-service\node_modules\sequelize\lib\model.js:1240:12)
    at async Conversation.findByPk (E:\Git Hub\e20-CO528-Mini-Project\decp-platform\backend\messaging-service\node_modules\sequelize\lib\model.js:1221:12)
    at async getMessages (E:\Git Hub\e20-CO528-Mini-Project\decp-platform\backend\messaging-service\dist\controllers\conversationController.js:159:30)
2026-03-19 19:03:12 [MESSAGING-SERVICE] [error]: Get messages error: invalid input syntax for type uuid: "1" {"name":"SequelizeDatabaseError","parent":{"length":101,"name":"error","severity":"ERROR","code":"22P02","position":"152","file":"uuid.c","line":"177","routine":"string_to_uuid","sql":"SELECT \"id\", \"type\", \"title\", \"participants\", \"createdBy\", \"createdAt\", \"updatedAt\" FROM \"conversations\" AS \"Conversation\" WHERE \"Conversation\".\"id\" = '1';"},"original":{"length":101,"name":"error","severity":"ERROR","code":"22P02","position":"152","file":"uuid.c","line":"177","routine":"string_to_uuid","sql":"SELECT \"id\", \"type\", \"title\", \"participants\", \"createdBy\", \"createdAt\", \"updatedAt\" FROM \"conversations\" AS \"Conversation\" WHERE \"Conversation\".\"id\" = '1';"},"sql":"SELECT \"id\", \"type\", \"title\", \"participants\", \"createdBy\", \"createdAt\", \"updatedAt\" FROM \"conversations\" AS \"Conversation\" WHERE \"Conversation\".\"id\" = '1';","parameters":{}}
Error
    at Query.run (E:\Git Hub\e20-CO528-Mini-Project\decp-platform\backend\messaging-service\node_modules\sequelize\lib\dialects\postgres\query.js:50:25)
    at E:\Git Hub\e20-CO528-Mini-Project\decp-platform\backend\messaging-service\node_modules\sequelize\lib\sequelize.js:315:28
    at process.processTicksAndRejections (node:internal/process/task_queues:105:5)
    at async PostgresQueryInterface.select (E:\Git Hub\e20-CO528-Mini-Project\decp-platform\backend\messaging-service\node_modules\sequelize\lib\dialects\abstract\query-interface.js:407:12)
    at async Conversation.findAll (E:\Git Hub\e20-CO528-Mini-Project\decp-platform\backend\messaging-service\node_modules\sequelize\lib\model.js:1140:21)
    at async Conversation.findOne (E:\Git Hub\e20-CO528-Mini-Project\decp-platform\backend\messaging-service\node_modules\sequelize\lib\model.js:1240:12)
    at async Conversation.findByPk (E:\Git Hub\e20-CO528-Mini-Project\decp-platform\backend\messaging-service\node_modules\sequelize\lib\model.js:1221:12)
    at async getMessages (E:\Git Hub\e20-CO528-Mini-Project\decp-platform\backend\messaging-service\dist\controllers\conversationController.js:159:30)
2026-03-19 19:39:26 [MESSAGING-SERVICE] [info]: User connected: 15d21610-62f6-4c32-b0e6-1920f1cf4059
2026-03-19 19:39:43 [MESSAGING-SERVICE] [info]: User disconnected: 15d21610-62f6-4c32-b0e6-1920f1cf4059
2026-03-19 19:40:50 [MESSAGING-SERVICE] [info]: User connected: 15d21610-62f6-4c32-b0e6-1920f1cf4059
2026-03-19 19:42:07 [MESSAGING-SERVICE] [info]: User disconnected: 15d21610-62f6-4c32-b0e6-1920f1cf4059
2026-03-19 20:02:05 [MESSAGING-SERVICE] [info]: User connected: 15d21610-62f6-4c32-b0e6-1920f1cf4059
2026-03-19 20:16:23 [MESSAGING-SERVICE] [info]: User disconnected: 15d21610-62f6-4c32-b0e6-1920f1cf4059
2026-03-19 20:16:23 [MESSAGING-SERVICE] [info]: User disconnected: 15d21610-62f6-4c32-b0e6-1920f1cf4059
2026-03-19 20:18:08 [MESSAGING-SERVICE] [info]: User disconnected: 15d21610-62f6-4c32-b0e6-1920f1cf4059
2026-03-19 20:18:08 [MESSAGING-SERVICE] [info]: User disconnected: ea327809-eb65-4380-8f2c-c8675ec6b1a6
2026-03-19 20:18:08 [MESSAGING-SERVICE] [info]: User disconnected: ea327809-eb65-4380-8f2c-c8675ec6b1a6
2026-03-19 20:50:44 [MESSAGING-SERVICE] [info]: User connected: 15d21610-62f6-4c32-b0e6-1920f1cf4059
2026-03-19 20:50:44 [MESSAGING-SERVICE] [info]: User connected: ea327809-eb65-4380-8f2c-c8675ec6b1a6
2026-03-19 20:50:44 [MESSAGING-SERVICE] [info]: User connected: ea327809-eb65-4380-8f2c-c8675ec6b1a6
2026-03-19 20:50:44 [MESSAGING-SERVICE] [info]: User disconnected: 15d21610-62f6-4c32-b0e6-1920f1cf4059
2026-03-19 20:50:44 [MESSAGING-SERVICE] [info]: User disconnected: ea327809-eb65-4380-8f2c-c8675ec6b1a6
2026-03-19 20:50:44 [MESSAGING-SERVICE] [info]: User disconnected: ea327809-eb65-4380-8f2c-c8675ec6b1a6
2026-03-19 21:51:01 [MESSAGING-SERVICE] [info]: User connected: ea327809-eb65-4380-8f2c-c8675ec6b1a6
2026-03-19 21:51:01 [MESSAGING-SERVICE] [info]: User connected: ea327809-eb65-4380-8f2c-c8675ec6b1a6
2026-03-19 22:13:52 [MESSAGING-SERVICE] [info]: User disconnected: ea327809-eb65-4380-8f2c-c8675ec6b1a6
2026-03-19 22:13:52 [MESSAGING-SERVICE] [info]: User disconnected: ea327809-eb65-4380-8f2c-c8675ec6b1a6
2026-03-19 22:13:55 [MESSAGING-SERVICE] [info]: User connected: ea327809-eb65-4380-8f2c-c8675ec6b1a6
2026-03-19 22:13:55 [MESSAGING-SERVICE] [info]: User connected: ea327809-eb65-4380-8f2c-c8675ec6b1a6
2026-03-19 22:14:09 [MESSAGING-SERVICE] [info]: User disconnected: ea327809-eb65-4380-8f2c-c8675ec6b1a6
2026-03-19 22:14:09 [MESSAGING-SERVICE] [info]: User disconnected: ea327809-eb65-4380-8f2c-c8675ec6b1a6
2026-03-19 22:14:10 [MESSAGING-SERVICE] [info]: User connected: ea327809-eb65-4380-8f2c-c8675ec6b1a6
2026-03-19 22:14:12 [MESSAGING-SERVICE] [info]: User connected: ea327809-eb65-4380-8f2c-c8675ec6b1a6
2026-03-19 22:15:22 [MESSAGING-SERVICE] [info]: User disconnected: ea327809-eb65-4380-8f2c-c8675ec6b1a6
2026-03-19 22:15:22 [MESSAGING-SERVICE] [info]: User disconnected: ea327809-eb65-4380-8f2c-c8675ec6b1a6
2026-03-19 22:50:48 [MESSAGING-SERVICE] [info]: User connected: ea327809-eb65-4380-8f2c-c8675ec6b1a6
2026-03-19 22:50:49 [MESSAGING-SERVICE] [info]: User connected: ea327809-eb65-4380-8f2c-c8675ec6b1a6
2026-03-19 22:57:10 [MESSAGING-SERVICE] [info]: User disconnected: ea327809-eb65-4380-8f2c-c8675ec6b1a6
2026-03-19 22:57:10 [MESSAGING-SERVICE] [info]: User disconnected: ea327809-eb65-4380-8f2c-c8675ec6b1a6
2026-03-19 22:57:14 [MESSAGING-SERVICE] [info]: User connected: ea327809-eb65-4380-8f2c-c8675ec6b1a6
2026-03-19 22:57:14 [MESSAGING-SERVICE] [info]: User connected: ea327809-eb65-4380-8f2c-c8675ec6b1a6
2026-03-19 22:57:14 [MESSAGING-SERVICE] [info]: User connected: ea327809-eb65-4380-8f2c-c8675ec6b1a6
2026-03-19 22:57:14 [MESSAGING-SERVICE] [info]: User connected: ea327809-eb65-4380-8f2c-c8675ec6b1a6
2026-03-20 00:11:25 [MESSAGING-SERVICE] [info]: User connected: 15d21610-62f6-4c32-b0e6-1920f1cf4059
2026-03-20 00:11:25 [MESSAGING-SERVICE] [info]: User connected: 15d21610-62f6-4c32-b0e6-1920f1cf4059
2026-03-20 00:12:09 [MESSAGING-SERVICE] [info]: User connected: 15d21610-62f6-4c32-b0e6-1920f1cf4059
2026-03-20 00:12:31 [MESSAGING-SERVICE] [info]: User disconnected: 15d21610-62f6-4c32-b0e6-1920f1cf4059
2026-03-20 00:27:53 [MESSAGING-SERVICE] [info]: User disconnected: 15d21610-62f6-4c32-b0e6-1920f1cf4059
2026-03-20 00:27:53 [MESSAGING-SERVICE] [info]: User disconnected: 15d21610-62f6-4c32-b0e6-1920f1cf4059
2026-03-20 00:27:54 [MESSAGING-SERVICE] [info]: User connected: 15d21610-62f6-4c32-b0e6-1920f1cf4059
2026-03-20 00:27:54 [MESSAGING-SERVICE] [info]: User connected: 15d21610-62f6-4c32-b0e6-1920f1cf4059
2026-03-20 00:30:28 [MESSAGING-SERVICE] [info]: User connected: 15d21610-62f6-4c32-b0e6-1920f1cf4059
2026-03-20 00:31:55 [MESSAGING-SERVICE] [info]: User disconnected: 15d21610-62f6-4c32-b0e6-1920f1cf4059
2026-03-20 00:31:55 [MESSAGING-SERVICE] [info]: User disconnected: 15d21610-62f6-4c32-b0e6-1920f1cf4059
2026-03-20 00:31:57 [MESSAGING-SERVICE] [info]: User connected: 15d21610-62f6-4c32-b0e6-1920f1cf4059
2026-03-20 00:31:57 [MESSAGING-SERVICE] [info]: User connected: 15d21610-62f6-4c32-b0e6-1920f1cf4059
2026-03-20 00:32:31 [MESSAGING-SERVICE] [info]: User disconnected: 15d21610-62f6-4c32-b0e6-1920f1cf4059
2026-03-20 00:35:02 [MESSAGING-SERVICE] [info]: User connected: 15d21610-62f6-4c32-b0e6-1920f1cf4059
2026-03-20 00:42:09 [MESSAGING-SERVICE] [info]: User disconnected: 15d21610-62f6-4c32-b0e6-1920f1cf4059
2026-03-20 00:45:14 [MESSAGING-SERVICE] [info]: User disconnected: 15d21610-62f6-4c32-b0e6-1920f1cf4059
2026-03-20 00:45:14 [MESSAGING-SERVICE] [info]: User disconnected: 15d21610-62f6-4c32-b0e6-1920f1cf4059
2026-03-20 00:45:15 [MESSAGING-SERVICE] [info]: User connected: 15d21610-62f6-4c32-b0e6-1920f1cf4059
2026-03-20 00:45:15 [MESSAGING-SERVICE] [info]: User connected: 15d21610-62f6-4c32-b0e6-1920f1cf4059
2026-03-20 00:45:51 [MESSAGING-SERVICE] [info]: User disconnected: ea327809-eb65-4380-8f2c-c8675ec6b1a6
2026-03-20 00:45:51 [MESSAGING-SERVICE] [info]: User disconnected: ea327809-eb65-4380-8f2c-c8675ec6b1a6
2026-03-20 00:45:51 [MESSAGING-SERVICE] [info]: User disconnected: ea327809-eb65-4380-8f2c-c8675ec6b1a6
2026-03-20 00:45:51 [MESSAGING-SERVICE] [info]: User disconnected: ea327809-eb65-4380-8f2c-c8675ec6b1a6
2026-03-20 00:45:53 [MESSAGING-SERVICE] [info]: User connected: ea327809-eb65-4380-8f2c-c8675ec6b1a6
2026-03-20 00:45:53 [MESSAGING-SERVICE] [info]: User connected: ea327809-eb65-4380-8f2c-c8675ec6b1a6
2026-03-20 00:45:53 [MESSAGING-SERVICE] [info]: User connected: ea327809-eb65-4380-8f2c-c8675ec6b1a6
2026-03-20 00:45:53 [MESSAGING-SERVICE] [info]: User connected: ea327809-eb65-4380-8f2c-c8675ec6b1a6
2026-03-20 00:50:40 [MESSAGING-SERVICE] [info]: User disconnected: ea327809-eb65-4380-8f2c-c8675ec6b1a6
2026-03-20 00:50:40 [MESSAGING-SERVICE] [info]: User disconnected: ea327809-eb65-4380-8f2c-c8675ec6b1a6
2026-03-20 00:50:40 [MESSAGING-SERVICE] [info]: User disconnected: ea327809-eb65-4380-8f2c-c8675ec6b1a6
2026-03-20 00:50:40 [MESSAGING-SERVICE] [info]: User disconnected: ea327809-eb65-4380-8f2c-c8675ec6b1a6
2026-03-20 00:50:42 [MESSAGING-SERVICE] [info]: User connected: ea327809-eb65-4380-8f2c-c8675ec6b1a6
2026-03-20 00:50:42 [MESSAGING-SERVICE] [info]: User connected: ea327809-eb65-4380-8f2c-c8675ec6b1a6
2026-03-20 00:52:04 [MESSAGING-SERVICE] [info]: User disconnected: 15d21610-62f6-4c32-b0e6-1920f1cf4059
2026-03-20 00:52:04 [MESSAGING-SERVICE] [info]: User disconnected: 15d21610-62f6-4c32-b0e6-1920f1cf4059
2026-03-20 00:52:05 [MESSAGING-SERVICE] [info]: User connected: 15d21610-62f6-4c32-b0e6-1920f1cf4059
2026-03-20 00:52:05 [MESSAGING-SERVICE] [info]: User connected: 15d21610-62f6-4c32-b0e6-1920f1cf4059
2026-03-20 01:06:29 [MESSAGING-SERVICE] [info]: User disconnected: 15d21610-62f6-4c32-b0e6-1920f1cf4059
2026-03-20 01:06:29 [MESSAGING-SERVICE] [info]: User disconnected: 15d21610-62f6-4c32-b0e6-1920f1cf4059
2026-03-20 01:06:31 [MESSAGING-SERVICE] [info]: User connected: 15d21610-62f6-4c32-b0e6-1920f1cf4059
2026-03-20 01:06:31 [MESSAGING-SERVICE] [info]: User connected: 15d21610-62f6-4c32-b0e6-1920f1cf4059
2026-03-20 01:15:13 [MESSAGING-SERVICE] [info]: User disconnected: 15d21610-62f6-4c32-b0e6-1920f1cf4059
2026-03-20 01:15:13 [MESSAGING-SERVICE] [info]: User disconnected: 15d21610-62f6-4c32-b0e6-1920f1cf4059
2026-03-20 01:15:14 [MESSAGING-SERVICE] [info]: User connected: 15d21610-62f6-4c32-b0e6-1920f1cf4059
2026-03-20 01:15:14 [MESSAGING-SERVICE] [info]: User connected: 15d21610-62f6-4c32-b0e6-1920f1cf4059
2026-03-20 01:23:33 [MESSAGING-SERVICE] [info]: ✅ Database connected.
2026-03-20 01:23:33 [MESSAGING-SERVICE] [info]: ✅ Database synchronized.
2026-03-20 01:23:33 [MESSAGING-SERVICE] [info]: 💬 Messaging Service running on port 3007
2026-03-20 01:23:46 [MESSAGING-SERVICE] [info]: User connected: 15d21610-62f6-4c32-b0e6-1920f1cf4059
2026-03-20 01:23:46 [MESSAGING-SERVICE] [info]: User connected: 15d21610-62f6-4c32-b0e6-1920f1cf4059
2026-03-20 01:24:04 [MESSAGING-SERVICE] [info]: User connected: 15d21610-62f6-4c32-b0e6-1920f1cf4059
2026-03-20 01:24:04 [MESSAGING-SERVICE] [info]: User connected: 15d21610-62f6-4c32-b0e6-1920f1cf4059
2026-03-20 01:26:32 [MESSAGING-SERVICE] [info]: User disconnected: 15d21610-62f6-4c32-b0e6-1920f1cf4059
2026-03-20 01:26:32 [MESSAGING-SERVICE] [info]: User disconnected: 15d21610-62f6-4c32-b0e6-1920f1cf4059
2026-03-20 01:26:33 [MESSAGING-SERVICE] [info]: User connected: 15d21610-62f6-4c32-b0e6-1920f1cf4059
2026-03-20 01:26:33 [MESSAGING-SERVICE] [info]: User connected: 15d21610-62f6-4c32-b0e6-1920f1cf4059
2026-03-20 01:26:38 [MESSAGING-SERVICE] [info]: User disconnected: 15d21610-62f6-4c32-b0e6-1920f1cf4059
2026-03-20 01:26:38 [MESSAGING-SERVICE] [info]: User disconnected: 15d21610-62f6-4c32-b0e6-1920f1cf4059
2026-03-20 01:27:32 [MESSAGING-SERVICE] [info]: User disconnected: 15d21610-62f6-4c32-b0e6-1920f1cf4059
2026-03-20 01:27:32 [MESSAGING-SERVICE] [info]: User disconnected: 15d21610-62f6-4c32-b0e6-1920f1cf4059
2026-03-20 01:27:33 [MESSAGING-SERVICE] [info]: User connected: 15d21610-62f6-4c32-b0e6-1920f1cf4059
2026-03-20 01:27:33 [MESSAGING-SERVICE] [info]: User connected: 15d21610-62f6-4c32-b0e6-1920f1cf4059
2026-03-20 01:27:36 [MESSAGING-SERVICE] [info]: User disconnected: 15d21610-62f6-4c32-b0e6-1920f1cf4059
2026-03-20 01:27:36 [MESSAGING-SERVICE] [info]: User disconnected: 15d21610-62f6-4c32-b0e6-1920f1cf4059
2026-03-20 01:27:37 [MESSAGING-SERVICE] [info]: User connected: 15d21610-62f6-4c32-b0e6-1920f1cf4059
2026-03-20 01:27:37 [MESSAGING-SERVICE] [info]: User connected: 15d21610-62f6-4c32-b0e6-1920f1cf4059
2026-03-20 01:27:47 [MESSAGING-SERVICE] [info]: User connected: ea327809-eb65-4380-8f2c-c8675ec6b1a6
2026-03-20 01:27:47 [MESSAGING-SERVICE] [info]: User connected: ea327809-eb65-4380-8f2c-c8675ec6b1a6
2026-03-20 01:28:18 [MESSAGING-SERVICE] [info]: User disconnected: 15d21610-62f6-4c32-b0e6-1920f1cf4059
2026-03-20 01:28:18 [MESSAGING-SERVICE] [info]: User disconnected: 15d21610-62f6-4c32-b0e6-1920f1cf4059
2026-03-20 01:28:19 [MESSAGING-SERVICE] [info]: User connected: 15d21610-62f6-4c32-b0e6-1920f1cf4059
2026-03-20 01:28:19 [MESSAGING-SERVICE] [info]: User connected: 15d21610-62f6-4c32-b0e6-1920f1cf4059
2026-03-20 01:29:25 [MESSAGING-SERVICE] [info]: User disconnected: 15d21610-62f6-4c32-b0e6-1920f1cf4059
2026-03-20 01:29:25 [MESSAGING-SERVICE] [info]: User disconnected: 15d21610-62f6-4c32-b0e6-1920f1cf4059
2026-03-20 01:29:27 [MESSAGING-SERVICE] [info]: User disconnected: ea327809-eb65-4380-8f2c-c8675ec6b1a6
2026-03-20 01:29:27 [MESSAGING-SERVICE] [info]: User disconnected: ea327809-eb65-4380-8f2c-c8675ec6b1a6
2026-03-20 01:29:30 [MESSAGING-SERVICE] [info]: User connected: ea327809-eb65-4380-8f2c-c8675ec6b1a6
2026-03-20 01:29:30 [MESSAGING-SERVICE] [info]: User connected: ea327809-eb65-4380-8f2c-c8675ec6b1a6
2026-03-20 01:29:34 [MESSAGING-SERVICE] [info]: User disconnected: ea327809-eb65-4380-8f2c-c8675ec6b1a6
2026-03-20 01:29:34 [MESSAGING-SERVICE] [info]: User disconnected: ea327809-eb65-4380-8f2c-c8675ec6b1a6
